user,email,department,student_lat,student_lon,cluster_id,centroid_lat,centroid_lon,road_distance_km,within_distance_limit
Unknown,N/A,N/A,13.07390862996408,80.22087091796874,0,13.068964320784461,80.22505002290916,0.911,True
Unknown,N/A,N/A,13.07376385560742,80.22088487866694,0,13.068964320784461,80.22505002290916,0.927,True
Unknown,N/A,N/A,13.0698294,80.2242248,0,13.068964320784461,80.22505002290916,0.676,True
Unknown,N/A,N/A,13.0635202,80.2234146,0,13.068964320784461,80.22505002290916,0.947,True
Unknown,N/A,N/A,13.07403515415426,80.22109987788916,0,13.068964320784461,80.22505002290916,0.884,True
Unknown,N/A,N/A,13.069880833911068,80.22407530907384,0,13.068964320784461,80.22505002290916,0.663,True
Unknown,N/A,N/A,13.0698294,80.2242248,0,13.068964320784461,80.22505002290916,0.676,True
Unknown,N/A,N/A,13.06813804824786,80.22648220237143,0,13.068964320784461,80.22505002290916,0.202,True
Unknown,N/A,N/A,13.069857322195707,80.2242959521361,0,13.068964320784461,80.22505002290916,0.68,True
Unknown,N/A,N/A,13.07374361756346,80.22084536466582,0,13.068964320784461,80.22505002290916,0.929,True
Unknown,N/A,N/A,13.069889551084858,80.22436219058406,0,13.068964320784461,80.22505002290916,0.682,True
Unknown,N/A,N/A,13.073652092742634,80.22084181661485,0,13.068964320784461,80.22505002290916,0.943,True
Unknown,N/A,N/A,13.066448923110553,80.23120004147137,0,13.068964320784461,80.22505002290916,0.77,True
Unknown,N/A,N/A,12.8238485752473,79.7006410542822,1,12.823179563250218,79.69647608961263,0.521,True
Unknown,N/A,N/A,12.822758781564389,79.69949256308894,1,12.823179563250218,79.69647608961263,0.348,True
Unknown,N/A,N/A,12.823386,79.6949349,1,12.823179563250218,79.69647608961263,0.336,True
Unknown,N/A,N/A,12.820777680081823,79.69704894858687,1,12.823179563250218,79.69647608961263,0.639,True
Unknown,N/A,N/A,12.821614491297405,79.69820513877426,1,12.823179563250218,79.69647608961263,0.483,True
Unknown,N/A,N/A,12.821678477256732,79.69821090652094,1,12.823179563250218,79.69647608961263,0.478,True
Unknown,N/A,N/A,12.826256134708016,79.7006310470362,1,12.823179563250218,79.69647608961263,0.958,True
Unknown,N/A,N/A,12.919669292789711,80.08727247110292,2,12.919290464164828,80.09055715433107,0.564,True
Unknown,N/A,N/A,12.922382332111344,80.09570561603606,2,12.919290464164828,80.09055715433107,0.91,True
Unknown,N/A,N/A,12.921590117809158,80.09277736721916,2,12.919290464164828,80.09055715433107,0.58,True
Unknown,N/A,N/A,12.919679897037906,80.08735943261799,2,12.919290464164828,80.09055715433107,0.569,True
Unknown,N/A,N/A,12.919686014324688,80.08730169383375,2,12.919290464164828,80.09055715433107,0.563,True
Unknown,N/A,N/A,12.919661232434075,80.08724886298235,2,12.919290464164828,80.09055715433107,0.566,True
Unknown,N/A,N/A,12.919673046909455,80.08731146389975,2,12.919290464164828,80.09055715433107,0.565,True
Unknown,N/A,N/A,12.921493153603045,80.09237374095346,2,12.919290464164828,80.09055715433107,0.536,True
Unknown,N/A,N/A,12.919508,80.0874955,2,12.919290464164828,80.09055715433107,0.579,True
Unknown,N/A,N/A,12.919669754894832,80.0873044926758,2,12.919290464164828,80.09055715433107,0.565,True
Unknown,N/A,N/A,12.922459104022916,80.09591575620576,2,12.919290464164828,80.09055715433107,0.932,True
Unknown,N/A,N/A,12.9212447,80.092511,2,12.919290464164828,80.09055715433107,0.567,True
Unknown,N/A,N/A,12.9195302,80.0874621,2,12.919290464164828,80.09055715433107,0.579,True
Unknown,N/A,N/A,12.9191546,80.08361630000002,2,12.919290464164828,80.09055715433107,0.951,True
Unknown,N/A,N/A,13.0759875,79.6728594,3,13.073307141829268,79.66902825672774,0.607,True
Unknown,N/A,N/A,13.070639814822178,79.66668907774563,3,13.073307141829268,79.66902825672774,0.527,True
Unknown,N/A,N/A,13.0749497,79.6706507,3,13.073307141829268,79.66902825672774,0.264,True
Unknown,N/A,N/A,13.074903169182342,79.67056834296213,3,13.073307141829268,79.66902825672774,0.246,True
Unknown,N/A,N/A,13.119277769061192,80.14729591453279,4,13.122022025684926,80.14908790204242,0.668,True
Unknown,N/A,N/A,13.1245553,80.15219189999999,4,13.122022025684926,80.14908790204242,0.58,True
Unknown,N/A,N/A,13.12174107616959,80.14788216365793,4,13.122022025684926,80.14908790204242,0.406,True
Unknown,N/A,N/A,13.122511309295078,80.14812245854115,4,13.122022025684926,80.14908790204242,0.198,True
Unknown,N/A,N/A,13.12197476851083,80.14784814534147,4,13.122022025684926,80.14908790204242,0.389,True
Unknown,N/A,N/A,13.117878633916495,80.15028343425368,4,13.122022025684926,80.14908790204242,0.999,True
Unknown,N/A,N/A,13.124205918033034,80.1438798413207,4,13.122022025684926,80.14908790204242,0.886,True
Unknown,N/A,N/A,13.121900738673627,80.14773650613196,4,13.122022025684926,80.14908790204242,0.383,True
Unknown,N/A,N/A,13.121811995851766,80.14766278960684,4,13.122022025684926,80.14908790204242,0.381,True
Unknown,N/A,N/A,13.123516165968502,80.14623455390625,4,13.122022025684926,80.14908790204242,0.443,True
Unknown,N/A,N/A,13.1228139,80.1517239,4,13.122022025684926,80.14908790204242,0.78,True
Unknown,N/A,N/A,13.1214371,80.148208,4,13.122022025684926,80.14908790204242,0.505,True
Unknown,N/A,N/A,13.127308259000875,80.15399075782366,4,13.122022025684926,80.14908790204242,0.936,True
Unknown,N/A,N/A,13.120454698445188,80.15478543624573,4,13.122022025684926,80.14908790204242,0.83,True
Unknown,N/A,N/A,13.1226034,80.14741479999999,4,13.122022025684926,80.14908790204242,0.272,True
Unknown,N/A,N/A,13.121793425904627,80.14803533472731,4,13.122022025684926,80.14908790204242,0.417,True
Unknown,N/A,N/A,13.1214371,80.148208,4,13.122022025684926,80.14908790204242,0.505,True
Unknown,N/A,N/A,13.1214371,80.148208,4,13.122022025684926,80.14908790204242,0.505,True
Unknown,N/A,N/A,13.121687142691655,80.14819961763011,4,13.122022025684926,80.14908790204242,0.438,True
Unknown,N/A,N/A,13.127163787906676,80.15381490397493,4,13.122022025684926,80.14908790204242,0.907,True
Unknown,N/A,N/A,13.121806341027485,80.1478700637586,4,13.122022025684926,80.14908790204242,0.401,True
Unknown,N/A,N/A,13.1269948,80.15383609999999,4,13.122022025684926,80.14908790204242,0.892,True
Unknown,N/A,N/A,13.13318096665542,79.91075743978685,5,13.131371067633394,79.91254690753124,0.525,True
Unknown,N/A,N/A,13.129696584331892,79.90964608404218,5,13.131371067633394,79.91254690753124,0.495,True
Unknown,N/A,N/A,13.134455086144015,79.90884411639654,5,13.131371067633394,79.91254690753124,0.799,True
Unknown,N/A,N/A,13.132720587835513,79.91568765661421,5,13.131371067633394,79.91254690753124,0.752,True
Unknown,N/A,N/A,13.131610506798491,79.90952179249133,5,13.131371067633394,79.91254690753124,0.474,True
Unknown,N/A,N/A,13.134207908511328,79.91196629784247,5,13.131371067633394,79.91254690753124,0.435,True
Unknown,N/A,N/A,12.9610983,80.137236,6,12.96152017037319,80.14495562983852,0.974,True
Unknown,N/A,N/A,12.961017980308016,80.13721239602079,6,12.96152017037319,80.14495562983852,0.982,True
Unknown,N/A,N/A,12.964270417682066,80.14379024744417,6,12.96152017037319,80.14495562983852,0.686,True
Unknown,N/A,N/A,12.680217346321252,79.98102919660948,7,12.684668168012095,79.98068913192647,0.805,True
Unknown,N/A,N/A,12.68457483788083,79.98342994198286,7,12.684668168012095,79.98068913192647,0.682,True
Unknown,N/A,N/A,12.684225789205652,79.98256613232233,7,12.684668168012095,79.98068913192647,0.472,True
Unknown,N/A,N/A,12.989428307439471,80.20352800065484,8,12.991427963326117,80.20158786690097,0.41,True
Unknown,N/A,N/A,12.991746061178302,80.19874909072858,8,12.991427963326117,80.20158786690097,0.582,True
Unknown,N/A,N/A,12.99175222592504,80.19874092493558,8,12.991427963326117,80.20158786690097,0.582,True
Unknown,N/A,N/A,12.99012724136157,80.19994456875611,8,12.991427963326117,80.20158786690097,0.448,True
Unknown,N/A,N/A,12.9886996,80.1979372,8,12.991427963326117,80.20158786690097,0.929,True
Unknown,N/A,N/A,12.991497,80.2033055,8,12.991427963326117,80.20158786690097,0.294,True
Unknown,N/A,N/A,12.991844473310575,80.19898431524656,8,12.991427963326117,80.20158786690097,0.603,True
Unknown,N/A,N/A,12.987683663815735,80.20094840128904,8,12.991427963326117,80.20158786690097,0.55,True
Unknown,N/A,N/A,12.98795797036588,80.20505149472046,8,12.991427963326117,80.20158786690097,0.65,True
Unknown,N/A,N/A,12.9883291,80.20352799999999,8,12.991427963326117,80.20158786690097,0.484,True
Unknown,N/A,N/A,13.062954580545645,80.16665980559044,9,13.065098034636522,80.16331784593953,0.836,True
Unknown,N/A,N/A,13.069866515077758,80.16068787303193,9,13.065098034636522,80.16331784593953,0.972,True
Unknown,N/A,N/A,13.09213794889839,80.22528387541428,10,13.090384337312782,80.22478400844815,0.236,True
Unknown,N/A,N/A,13.0846953,80.2251603,10,13.090384337312782,80.22478400844815,0.942,True
Unknown,N/A,N/A,13.084797,80.22426899999999,10,13.090384337312782,80.22478400844815,0.783,True
Unknown,N/A,N/A,13.092004520349697,80.22342112683738,10,13.090384337312782,80.22478400844815,0.533,True
Unknown,N/A,N/A,13.091987454970033,80.22357942665032,10,13.090384337312782,80.22478400844815,0.516,True
Unknown,N/A,N/A,13.10987598945018,80.10495324119928,11,13.11219838183735,80.10369873783361,0.392,True
Unknown,N/A,N/A,13.1120431,80.1070881,11,13.11219838183735,80.10369873783361,0.749,True
Unknown,N/A,N/A,13.1159932,80.1025032,11,13.11219838183735,80.10369873783361,0.558,True
Unknown,N/A,N/A,13.11155261512924,80.10874060832549,11,13.11219838183735,80.10369873783361,0.659,True
Unknown,N/A,N/A,13.110911372588024,80.10998725891113,11,13.11219838183735,80.10369873783361,0.851,True
Unknown,N/A,N/A,13.1159932,80.1025032,11,13.11219838183735,80.10369873783361,0.558,True
Unknown,N/A,N/A,13.111331133491424,80.10877148892145,11,13.11219838183735,80.10369873783361,0.639,True
Unknown,N/A,N/A,13.111497709696684,80.10867480437736,11,13.11219838183735,80.10369873783361,0.659,True
Unknown,N/A,N/A,13.11149915915457,80.10874048287384,11,13.11219838183735,80.10369873783361,0.664,True
Unknown,N/A,N/A,13.1133990864893,80.10584670437153,11,13.11219838183735,80.10369873783361,0.353,True
Unknown,N/A,N/A,13.111449,80.10850560000002,11,13.11219838183735,80.10369873783361,0.667,True
Unknown,N/A,N/A,13.111566864490165,80.10872594250888,11,13.11219838183735,80.10369873783361,0.665,True
Unknown,N/A,N/A,13.111479693301517,80.10872799971365,11,13.11219838183735,80.10369873783361,0.656,True
Unknown,N/A,N/A,13.109987107108308,79.42092938759623,12,13.107792158446005,79.42378048541279,0.62,True
Unknown,N/A,N/A,13.110993,79.4202974,12,13.107792158446005,79.42378048541279,0.756,True
Unknown,N/A,N/A,13.110963426675712,79.42015915405493,12,13.107792158446005,79.42378048541279,0.77,True
Unknown,N/A,N/A,12.923572273094,79.56783981907807,13,12.924469109176972,79.56984911710109,0.374,True
Unknown,N/A,N/A,12.92613513408816,79.57055072847376,13,12.924469109176972,79.56984911710109,0.334,True
Unknown,N/A,N/A,12.9223714,79.5713199,13,12.924469109176972,79.56984911710109,0.495,True
Unknown,N/A,N/A,12.925797629525732,79.56968602085249,13,12.924469109176972,79.56984911710109,0.235,True
Unknown,N/A,N/A,13.123092485938502,80.2874883267868,14,13.127645094856327,80.28805513855835,0.79,True
Unknown,N/A,N/A,13.131722384650647,80.29207438685114,14,13.127645094856327,80.28805513855835,0.784,True
Unknown,N/A,N/A,13.1251842,80.289183,14,13.127645094856327,80.28805513855835,0.477,True
Unknown,N/A,N/A,13.1238112,80.28819899999999,14,13.127645094856327,80.28805513855835,0.665,True
Unknown,N/A,N/A,13.12519380792245,80.2891814843406,14,13.127645094856327,80.28805513855835,0.476,True
Unknown,N/A,N/A,13.1251842,80.289183,14,13.127645094856327,80.28805513855835,0.477,True
Unknown,N/A,N/A,13.125018530582096,80.28934593606357,14,13.127645094856327,80.28805513855835,0.494,True
Unknown,N/A,N/A,12.9213919,80.1975877,15,12.919183646670213,80.19674336830693,0.362,True
Unknown,N/A,N/A,12.9213919,80.1975877,15,12.919183646670213,80.19674336830693,0.362,True
Unknown,N/A,N/A,13.1238302,80.2052872,16,13.120155363032733,80.20418239664278,0.577,True
Unknown,N/A,N/A,13.12620847462595,80.20724773450638,16,13.120155363032733,80.20418239664278,0.952,True
Unknown,N/A,N/A,13.121588562668348,80.2023983720412,16,13.120155363032733,80.20418239664278,0.322,True
Unknown,N/A,N/A,13.12144333878232,80.20431790325266,16,13.120155363032733,80.20418239664278,0.197,True
Unknown,N/A,N/A,13.124436455911043,80.20098453686782,16,13.120155363032733,80.20418239664278,0.764,True
Unknown,N/A,N/A,13.118839907813802,80.20707393948517,16,13.120155363032733,80.20418239664278,0.491,True
Unknown,N/A,N/A,13.1157602,80.19936229999999,16,13.120155363032733,80.20418239664278,0.983,True
Unknown,N/A,N/A,13.118598741855704,80.20761418364286,16,13.120155363032733,80.20418239664278,0.577,True
Unknown,N/A,N/A,13.118931101909242,80.20800405803439,16,13.120155363032733,80.20418239664278,0.59,True
Unknown,N/A,N/A,13.1195813,80.207244,16,13.120155363032733,80.20418239664278,0.527,True
Unknown,N/A,N/A,13.124904608931072,80.20735504037009,16,13.120155363032733,80.20418239664278,0.888,True
Unknown,N/A,N/A,13.11873293794687,80.20078362837862,16,13.120155363032733,80.20418239664278,0.662,True
Unknown,N/A,N/A,13.1189741,80.2009921,16,13.120155363032733,80.20418239664278,0.59,True
Unknown,N/A,N/A,13.1189732,80.2009828,16,13.120155363032733,80.20418239664278,0.591,True
Unknown,N/A,N/A,13.124778132244726,80.20493563766792,16,13.120155363032733,80.20418239664278,0.961,True
Unknown,N/A,N/A,13.123140943805645,80.20341252028066,16,13.120155363032733,80.20418239664278,0.4,True
Unknown,N/A,N/A,13.1157602,80.19936229999999,16,13.120155363032733,80.20418239664278,0.983,True
Unknown,N/A,N/A,13.1196347,80.2058005,16,13.120155363032733,80.20418239664278,0.3,True
Unknown,N/A,N/A,13.117810310195308,80.20520729653069,16,13.120155363032733,80.20418239664278,0.377,True
Unknown,N/A,N/A,13.1187562,80.2077881,16,13.120155363032733,80.20418239664278,0.568,True
Unknown,N/A,N/A,13.1237381,80.2020313,16,13.120155363032733,80.20418239664278,0.708,True
Unknown,N/A,N/A,13.118940697197424,80.2010087458301,16,13.120155363032733,80.20418239664278,0.586,True
Unknown,N/A,N/A,13.041847921114618,80.17749504364727,17,13.04226933697055,80.17439257020884,0.77,True
Unknown,N/A,N/A,13.039714,80.1744659,17,13.04226933697055,80.17439257020884,0.581,True
Unknown,N/A,N/A,13.038986956279505,80.16941793554159,17,13.04226933697055,80.17439257020884,0.755,True
Unknown,N/A,N/A,13.040434497129985,80.17196970694094,17,13.04226933697055,80.17439257020884,0.497,True
Unknown,N/A,N/A,13.040418013406486,80.17209991827293,17,13.04226933697055,80.17439257020884,0.508,True
Unknown,N/A,N/A,13.0436258484275,80.17085811475476,17,13.04226933697055,80.17439257020884,0.695,True
Unknown,N/A,N/A,13.0417434811329,80.17606782072698,17,13.04226933697055,80.17439257020884,0.611,True
Unknown,N/A,N/A,13.0419,80.17795199999999,17,13.04226933697055,80.17439257020884,0.817,True
Unknown,N/A,N/A,13.0417701,80.17882879999999,17,13.04226933697055,80.17439257020884,0.919,True
Unknown,N/A,N/A,13.319716701149291,80.18251931804775,18,13.319806765381651,80.18254765870726,0.339,True
Unknown,N/A,N/A,13.319937894995665,80.18260305807406,18,13.319806765381651,80.18254765870726,0.016,True
Unknown,N/A,N/A,13.3197657,80.18252059999999,18,13.319806765381651,80.18254765870726,0.437,True
Unknown,N/A,N/A,13.045791290723638,80.11276677551777,19,13.051058079801194,80.11316623711757,0.741,True
Unknown,N/A,N/A,13.045919233236422,80.11201021065501,19,13.051058079801194,80.11316623711757,0.665,True
Unknown,N/A,N/A,13.05163328929577,80.1126632390267,19,13.051058079801194,80.11316623711757,0.165,True
Unknown,N/A,N/A,13.052397347676855,80.11273017062634,19,13.051058079801194,80.11316623711757,0.25,True
Unknown,N/A,N/A,13.045746381131451,80.11275359392947,19,13.051058079801194,80.11316623711757,0.776,True
Unknown,N/A,N/A,13.04657703500842,80.11180682544398,19,13.051058079801194,80.11316623711757,0.58,True
Unknown,N/A,N/A,12.7927854,79.81753429999999,20,12.793958736998066,79.81757929379994,0.149,True
Unknown,N/A,N/A,12.7937883,79.8182932,20,12.793958736998066,79.81757929379994,0.103,True
Unknown,N/A,N/A,12.7947909,79.82127000000001,20,12.793958736998066,79.81757929379994,0.568,True
Unknown,N/A,N/A,12.792001247576913,79.81722635845006,20,12.793958736998066,79.81757929379994,0.245,True
Unknown,N/A,N/A,12.792161974411489,79.81727010434952,20,12.793958736998066,79.81757929379994,0.224,True
Unknown,N/A,N/A,13.1746411,79.611721,21,13.179421187249156,79.61196220921633,0.917,True
Unknown,N/A,N/A,13.17550669406709,79.61190718320312,21,13.179421187249156,79.61196220921633,0.81,True
Unknown,N/A,N/A,12.9177246,80.1556572,22,12.916178560943615,80.14965034727167,0.952,True
Unknown,N/A,N/A,12.9142449,80.1540875,22,12.916178560943615,80.14965034727167,0.548,True
Unknown,N/A,N/A,12.9119239,80.1540021,22,12.916178560943615,80.14965034727167,0.848,True
Unknown,N/A,N/A,12.9155116,80.1521428,22,12.916178560943615,80.14965034727167,0.307,True
Unknown,N/A,N/A,12.9155116,80.1521428,22,12.916178560943615,80.14965034727167,0.307,True
Unknown,N/A,N/A,12.9162314,80.1561651,22,12.916178560943615,80.14965034727167,0.845,True
Unknown,N/A,N/A,12.913649489570147,80.15497448499626,22,12.916178560943615,80.14965034727167,0.67,True
Unknown,N/A,N/A,12.917238265489493,80.1562975038208,22,12.916178560943615,80.14965034727167,0.941,True
Unknown,N/A,N/A,12.9948978,80.00147059999999,23,12.997294864972247,79.99617448027088,0.651,True
Unknown,N/A,N/A,12.9948978,80.00147059999999,23,12.997294864972247,79.99617448027088,0.651,True
Unknown,N/A,N/A,13.053364147950532,80.26965986946283,24,13.056600995449816,80.27065513013493,0.389,True
Unknown,N/A,N/A,13.0587341,80.2740342,24,13.056600995449816,80.27065513013493,0.663,True
Unknown,N/A,N/A,13.0587341,80.2740342,24,13.056600995449816,80.27065513013493,0.663,True
Unknown,N/A,N/A,13.0531338,80.2723052,24,13.056600995449816,80.27065513013493,0.677,True
Unknown,N/A,N/A,13.058731249696883,80.27412441974849,24,13.056600995449816,80.27065513013493,0.662,True
Unknown,N/A,N/A,13.0587341,80.2740342,24,13.056600995449816,80.27065513013493,0.663,True
Unknown,N/A,N/A,13.0606746,80.26859259999999,24,13.056600995449816,80.27065513013493,0.929,True
Unknown,N/A,N/A,13.0608629,80.27251199999999,24,13.056600995449816,80.27065513013493,0.605,True
Unknown,N/A,N/A,13.053352936147707,80.26973063528823,24,13.056600995449816,80.27065513013493,0.397,True
Unknown,N/A,N/A,13.058807095597338,80.27421580550993,24,13.056600995449816,80.27065513013493,0.652,True
Unknown,N/A,N/A,13.129428399229583,80.24106190112607,25,13.128205851620583,80.24083680345832,0.323,True
Unknown,N/A,N/A,13.128465478508572,80.24196353496815,25,13.128205851620583,80.24083680345832,0.17,True
Unknown,N/A,N/A,13.128710831985344,80.24158688465576,25,13.128205851620583,80.24083680345832,0.112,True
Unknown,N/A,N/A,13.1315848,80.2373844,25,13.128205851620583,80.24083680345832,0.956,True
Unknown,N/A,N/A,13.048748215626494,80.2269113430176,26,13.045697941302862,80.22596700831802,0.354,True
Unknown,N/A,N/A,13.0537861,80.2279923,26,13.045697941302862,80.22596700831802,0.926,True
Unknown,N/A,N/A,13.0449051,80.2233904,26,13.045697941302862,80.22596700831802,0.426,True
Unknown,N/A,N/A,13.249300314095942,80.15664283934098,27,13.253235694413732,80.15634801037753,0.604,True
Unknown,N/A,N/A,13.248014660767891,80.15720900133958,27,13.253235694413732,80.15634801037753,0.765,True
Unknown,N/A,N/A,12.878970341474222,79.93658297839225,28,12.880059539727426,79.93598426846708,0.136,True
Unknown,N/A,N/A,12.879108579518295,79.93668041306378,28,12.880059539727426,79.93598426846708,0.132,True
Unknown,N/A,N/A,12.843540659144036,79.69974163230118,29,12.845149096645288,79.69637169557018,0.45,True
Unknown,N/A,N/A,12.8490537,79.6975951,29,12.845149096645288,79.69637169557018,0.55,True
Unknown,N/A,N/A,12.845464292830556,79.6980740733553,29,12.845149096645288,79.69637169557018,0.237,True
Unknown,N/A,N/A,12.844969299671044,79.69672961760917,29,12.845149096645288,79.69637169557018,0.047,True
Unknown,N/A,N/A,12.8393951,79.6968207,29,12.845149096645288,79.69637169557018,0.762,True
Unknown,N/A,N/A,12.844974633647675,79.69670241635984,29,12.845149096645288,79.69637169557018,0.045,True
Unknown,N/A,N/A,12.845007251858906,79.69669478535693,29,12.845149096645288,79.69637169557018,0.042,True
Unknown,N/A,N/A,12.845180644474995,79.6964709554974,29,12.845149096645288,79.69637169557018,0.06,True
Unknown,N/A,N/A,12.849850200694394,79.69339331680494,29,12.845149096645288,79.69637169557018,0.75,True
Unknown,N/A,N/A,12.843788283373486,79.69969758024479,29,12.845149096645288,79.69637169557018,0.425,True
Unknown,N/A,N/A,12.8386228,79.6947023,29,12.845149096645288,79.69637169557018,0.799,True
Unknown,N/A,N/A,12.8455087,79.69624329999999,29,12.845149096645288,79.69637169557018,0.104,True
Unknown,N/A,N/A,13.0795704,79.9080757,30,13.08281679720143,79.90754510940155,0.523,True
Unknown,N/A,N/A,13.0795704,79.9080757,30,13.08281679720143,79.90754510940155,0.523,True
Unknown,N/A,N/A,13.0795704,79.9080757,30,13.08281679720143,79.90754510940155,0.523,True
Unknown,N/A,N/A,13.082225,79.9047465,30,13.08281679720143,79.90754510940155,0.473,True
Unknown,N/A,N/A,13.0442249907429,80.11961848315407,31,13.040394888153598,80.11747834831833,0.588,True
Unknown,N/A,N/A,13.044306862529936,80.11947484025298,31,13.040394888153598,80.11747834831833,0.553,True
Unknown,N/A,N/A,13.043296,80.121761,31,13.040394888153598,80.11747834831833,0.841,True
Unknown,N/A,N/A,13.038250199703588,80.1146189823559,31,13.040394888153598,80.11747834831833,0.843,True
Unknown,N/A,N/A,13.038160391624832,80.11313477047267,31,13.040394888153598,80.11747834831833,0.739,True
Unknown,N/A,N/A,13.040045033854184,80.11306189178264,31,13.040394888153598,80.11747834831833,0.635,True
Unknown,N/A,N/A,13.040260833010644,80.1126560976032,31,13.040394888153598,80.11747834831833,0.686,True
Unknown,N/A,N/A,13.041486383905571,80.11457555726108,31,13.040394888153598,80.11747834831833,0.58,True
Unknown,N/A,N/A,13.0835979,80.2624846,32,13.08802626337694,80.25777441445445,0.936,True
Unknown,N/A,N/A,13.0898472,80.2591516,32,13.08802626337694,80.25777441445445,0.501,True
Unknown,N/A,N/A,13.0878912,80.2574072,32,13.08802626337694,80.25777441445445,0.053,True
Unknown,N/A,N/A,13.090416641626785,80.26151140265505,32,13.08802626337694,80.25777441445445,0.68,True
Unknown,N/A,N/A,13.0891581,80.2638429,32,13.08802626337694,80.25777441445445,0.945,True
Unknown,N/A,N/A,13.0871714,80.2558708,32,13.08802626337694,80.25777441445445,0.579,True
Unknown,N/A,N/A,13.086186334164209,80.25621434129698,32,13.08802626337694,80.25777441445445,0.619,True
Unknown,N/A,N/A,13.089715934000616,80.2584730912804,32,13.08802626337694,80.25777441445445,0.319,True
Unknown,N/A,N/A,13.1697039124078,80.09201403523984,33,13.169595065285101,80.09632830252716,0.656,True
Unknown,N/A,N/A,13.1668935487326,80.09844147486878,33,13.169595065285101,80.09632830252716,0.441,True
Unknown,N/A,N/A,13.1654618,80.0970199,33,13.169595065285101,80.09632830252716,0.674,True
Unknown,N/A,N/A,12.9675201,79.95284509999999,34,12.970898822864184,79.95430264578526,0.586,True
Unknown,N/A,N/A,12.9675201,79.95284509999999,34,12.970898822864184,79.95430264578526,0.586,True
Unknown,N/A,N/A,12.9667047,80.1775673,35,12.967716356220937,80.1823317631226,0.708,True
Unknown,N/A,N/A,12.96934370699665,80.18615764871825,35,12.967716356220937,80.1823317631226,0.477,True
Unknown,N/A,N/A,13.1555912,80.22472549999999,36,13.156798082291902,80.22843367536271,0.918,True
Unknown,N/A,N/A,13.156641397378028,80.22662269145371,36,13.156798082291902,80.22843367536271,0.299,True
Unknown,N/A,N/A,13.1596214,80.22864589999999,36,13.156798082291902,80.22843367536271,0.636,True
Unknown,N/A,N/A,13.151851530738243,80.22822757737076,36,13.156798082291902,80.22843367536271,0.861,True
Unknown,N/A,N/A,13.157368673296704,80.23377492087579,36,13.156798082291902,80.22843367536271,0.743,True
Unknown,N/A,N/A,13.04750668277536,80.19794513167493,37,13.04453240168273,80.19268049365176,0.894,True
Unknown,N/A,N/A,13.04178687863172,80.19342253314517,37,13.04453240168273,80.19268049365176,0.413,True
Unknown,N/A,N/A,13.0418584,80.1939078,37,13.04453240168273,80.19268049365176,0.457,True
Unknown,N/A,N/A,13.0379733,80.192305,37,13.04453240168273,80.19268049365176,0.896,True
Unknown,N/A,N/A,13.041812434350676,80.19339882229733,37,13.04453240168273,80.19268049365176,0.407,True
Unknown,N/A,N/A,13.0475775,80.1979236,37,13.04453240168273,80.19268049365176,0.894,True
Unknown,N/A,N/A,13.0467637,80.1904012,37,13.04453240168273,80.19268049365176,0.892,True
Unknown,N/A,N/A,13.0467637,80.1904012,37,13.04453240168273,80.19268049365176,0.892,True
Unknown,N/A,N/A,13.0418584,80.1939078,37,13.04453240168273,80.19268049365176,0.457,True
Unknown,N/A,N/A,13.094816803289383,80.14550635089955,38,13.094850441963137,80.14501888743042,0.053,True
Unknown,N/A,N/A,13.090847377383325,80.1465796863083,38,13.094850441963137,80.14501888743042,0.634,True
Unknown,N/A,N/A,13.096938252744028,80.14801544124033,38,13.094850441963137,80.14501888743042,0.652,True
Unknown,N/A,N/A,13.09743699180799,80.14637033846992,38,13.094850441963137,80.14501888743042,0.567,True
Unknown,N/A,N/A,13.097400393802005,80.1463415458599,38,13.094850441963137,80.14501888743042,0.572,True
Unknown,N/A,N/A,13.083528,80.1944807,39,13.089222517844615,80.19415616478635,0.892,True
Unknown,N/A,N/A,13.08724523157355,80.19344729910705,39,13.089222517844615,80.19415616478635,0.401,True
Unknown,N/A,N/A,13.0920727,80.1944807,39,13.089222517844615,80.19415616478635,0.511,True
Unknown,N/A,N/A,13.092992925635697,80.19795199176406,39,13.089222517844615,80.19415616478635,0.84,True
Unknown,N/A,N/A,13.0920727,80.1944807,39,13.089222517844615,80.19415616478635,0.511,True
Unknown,N/A,N/A,13.092315769367724,80.19747224457274,39,13.089222517844615,80.19415616478635,0.703,True
Unknown,N/A,N/A,13.0920727,80.1944807,39,13.089222517844615,80.19415616478635,0.511,True
Unknown,N/A,N/A,13.088857542468164,80.196233435561,39,13.089222517844615,80.19415616478635,0.257,True
Unknown,N/A,N/A,13.0881179,80.1981419,39,13.089222517844615,80.19415616478635,0.519,True
Unknown,N/A,N/A,13.08711233010624,80.19510074262512,39,13.089222517844615,80.19415616478635,0.452,True
Unknown,N/A,N/A,13.087432871933329,80.19237784813231,39,13.089222517844615,80.19415616478635,0.382,True
Unknown,N/A,N/A,13.087244875513978,80.19285052071427,39,13.089222517844615,80.19415616478635,0.338,True
Unknown,N/A,N/A,13.0895763,80.1930675,39,13.089222517844615,80.19415616478635,0.164,True
Unknown,N/A,N/A,13.085359228622108,80.19890893028773,39,13.089222517844615,80.19415616478635,0.935,True
Unknown,N/A,N/A,13.087057,80.1928082,39,13.089222517844615,80.19415616478635,0.375,True
Unknown,N/A,N/A,13.087057,80.1928082,39,13.089222517844615,80.19415616478635,0.375,True
Unknown,N/A,N/A,13.087195519576026,80.19306472666932,39,13.089222517844615,80.19415616478635,0.36,True
Unknown,N/A,N/A,13.0899208,80.1900906,39,13.089222517844615,80.19415616478635,0.959,True
Unknown,N/A,N/A,13.087057,80.1928082,39,13.089222517844615,80.19415616478635,0.375,True
Unknown,N/A,N/A,13.0920727,80.1944807,39,13.089222517844615,80.19415616478635,0.511,True
Unknown,N/A,N/A,13.088500063481806,80.19387876149148,39,13.089222517844615,80.19415616478635,0.184,True
Unknown,N/A,N/A,12.9228114,80.1273503,40,12.925602913792238,80.12722159215272,0.611,True
Unknown,N/A,N/A,12.92485262221892,80.12612196172154,40,12.925602913792238,80.12722159215272,0.211,True
Unknown,N/A,N/A,12.9269297,80.1326742,40,12.925602913792238,80.12722159215272,0.81,True
Unknown,N/A,N/A,12.928596366413888,80.12812781904691,40,12.925602913792238,80.12722159215272,0.692,True
Unknown,N/A,N/A,12.92265974469907,80.13065516449454,40,12.925602913792238,80.12722159215272,0.709,True
Unknown,N/A,N/A,12.921650642236768,80.12903503009743,40,12.925602913792238,80.12722159215272,0.936,True
Unknown,N/A,N/A,12.9228114,80.1273503,40,12.925602913792238,80.12722159215272,0.611,True
Unknown,N/A,N/A,12.927485932955657,80.1267888968784,40,12.925602913792238,80.12722159215272,0.288,True
Unknown,N/A,N/A,12.927505756982566,80.12680043359394,40,12.925602913792238,80.12722159215272,0.29,True
Unknown,N/A,N/A,12.9798895,80.2044523,41,12.980307975432304,80.20646586348329,0.658,True
Unknown,N/A,N/A,12.984420014165533,80.20245723970038,41,12.980307975432304,80.20646586348329,0.998,True
Unknown,N/A,N/A,12.983893858231658,80.20496794631264,41,12.980307975432304,80.20646586348329,0.722,True
Unknown,N/A,N/A,12.9798895,80.2044523,41,12.980307975432304,80.20646586348329,0.658,True
Unknown,N/A,N/A,12.9826625,80.21085939999999,41,12.980307975432304,80.20646586348329,0.761,True
Unknown,N/A,N/A,12.981592957358131,80.20466151230319,41,12.980307975432304,80.20646586348329,0.466,True
Unknown,N/A,N/A,12.9796283,80.2110927,41,12.980307975432304,80.20646586348329,0.779,True
Unknown,N/A,N/A,12.9798536,80.2082392,41,12.980307975432304,80.20646586348329,0.27,True
Unknown,N/A,N/A,13.1247944459487,80.00631448426438,42,13.124488858769897,80.00608644013167,0.036,True
Unknown,N/A,N/A,13.124903392586267,80.0076394962036,42,13.124488858769897,80.00608644013167,0.189,True
Unknown,N/A,N/A,13.1090805,80.18297299999999,43,13.105801435648,80.18304268987637,0.524,True
Unknown,N/A,N/A,13.1088659,80.1825205,43,13.105801435648,80.18304268987637,0.498,True
Unknown,N/A,N/A,13.108071025819914,80.18345800092494,43,13.105801435648,80.18304268987637,0.303,True
Unknown,N/A,N/A,13.1077972,80.1863353,43,13.105801435648,80.18304268987637,0.617,True
Unknown,N/A,N/A,13.11136862011762,80.18379098808286,43,13.105801435648,80.18304268987637,0.821,True
Unknown,N/A,N/A,13.108113340461744,80.18313953898216,43,13.105801435648,80.18304268987637,0.986,True
Unknown,N/A,N/A,13.110001,80.1804087,43,13.105801435648,80.18304268987637,0.838,True
Unknown,N/A,N/A,13.107076596051993,80.18424159919736,43,13.105801435648,80.18304268987637,0.396,True
Unknown,N/A,N/A,13.1082733,80.18185820000001,43,13.105801435648,80.18304268987637,0.846,True
Unknown,N/A,N/A,13.108358099327598,80.18339906556346,43,13.105801435648,80.18304268987637,0.334,True
Unknown,N/A,N/A,12.933743400743149,79.90841204853967,44,12.933817791228591,79.90853474347887,0.016,True
Unknown,N/A,N/A,12.933848586983068,79.90860376841474,44,12.933817791228591,79.90853474347887,0.384,True
Unknown,N/A,N/A,12.933861385959558,79.9085884134822,44,12.933817791228591,79.90853474347887,0.385,True
Unknown,N/A,N/A,12.81747187489775,79.70979429886916,45,12.816455278273887,79.71224706230373,0.442,True
Unknown,N/A,N/A,12.811873730461109,79.71185619394318,45,12.816455278273887,79.71224706230373,0.957,True
Unknown,N/A,N/A,13.0283317,80.2303835,46,13.027435219305126,80.23284549949778,0.674,True
Unknown,N/A,N/A,13.0297239,80.23375279999999,46,13.027435219305126,80.23284549949778,0.404,True
Unknown,N/A,N/A,13.1149791,80.2271923,47,13.114718319063513,80.22641231554805,0.108,True
Unknown,N/A,N/A,13.116412836164615,80.22498642010366,47,13.114718319063513,80.22641231554805,0.319,True
Unknown,N/A,N/A,13.110970840961688,80.23132110382802,47,13.114718319063513,80.22641231554805,0.932,True
Unknown,N/A,N/A,13.1125576,80.2241985,47,13.114718319063513,80.22641231554805,0.603,True
Unknown,N/A,N/A,13.1184545,80.2243012,47,13.114718319063513,80.22641231554805,0.656,True
Unknown,N/A,N/A,13.119322476994276,80.22519189525592,47,13.114718319063513,80.22641231554805,0.767,True
Unknown,N/A,N/A,13.110006536514549,80.22552103629286,47,13.114718319063513,80.22641231554805,0.777,True
Unknown,N/A,N/A,13.1141389,80.2243742,47,13.114718319063513,80.22641231554805,0.358,True
Unknown,N/A,N/A,13.1116221,80.22942220000002,47,13.114718319063513,80.22641231554805,0.673,True
Unknown,N/A,N/A,13.093659512364349,80.10853211487186,48,13.088633382552311,80.10852680898155,0.918,True
Unknown,N/A,N/A,13.089891971670978,80.10991920055883,48,13.088633382552311,80.10852680898155,0.792,True
Unknown,N/A,N/A,13.08677506482296,80.10873043461514,48,13.088633382552311,80.10852680898155,0.286,True
Unknown,N/A,N/A,13.0879297,80.1095315,48,13.088633382552311,80.10852680898155,0.437,True
Unknown,N/A,N/A,13.093718,80.10850800000001,48,13.088633382552311,80.10852680898155,0.925,True
Unknown,N/A,N/A,13.08662627395459,80.10870372461436,48,13.088633382552311,80.10852680898155,0.273,True
Unknown,N/A,N/A,13.0890365,80.10951469999999,48,13.088633382552311,80.10852680898155,0.542,True
Unknown,N/A,N/A,13.01913130270511,80.14247217474423,49,13.023232362730115,80.14776978375353,0.93,True
Unknown,N/A,N/A,13.022867459388472,80.14645651154736,49,13.023232362730115,80.14776978375353,0.364,True
Unknown,N/A,N/A,13.028110445806313,80.15117535922953,49,13.023232362730115,80.14776978375353,0.792,True
Unknown,N/A,N/A,13.022867956729096,80.1461926038375,49,13.023232362730115,80.14776978375353,0.343,True
Unknown,N/A,N/A,13.01907923212318,80.14247422029487,49,13.023232362730115,80.14776978375353,0.933,True
Unknown,N/A,N/A,13.02067343827006,80.14909053690342,49,13.023232362730115,80.14776978375353,0.851,True
Unknown,N/A,N/A,13.028162091294668,80.1511508251723,49,13.023232362730115,80.14776978375353,0.789,True
Unknown,N/A,N/A,13.02833067071283,80.15123980574124,49,13.023232362730115,80.14776978375353,0.773,True
Unknown,N/A,N/A,13.0282403,80.15104699999999,49,13.023232362730115,80.14776978375353,0.789,True
Unknown,N/A,N/A,13.021592540865688,80.14935238371703,49,13.023232362730115,80.14776978375353,0.749,True
Unknown,N/A,N/A,13.022065897225318,80.14640478931175,49,13.023232362730115,80.14776978375353,0.478,True
Unknown,N/A,N/A,13.087719277126336,80.18506360654057,50,13.083361429629647,80.18203673891296,0.867,True
Unknown,N/A,N/A,13.081416154786847,80.18780194876358,50,13.083361429629647,80.18203673891296,0.864,True
Unknown,N/A,N/A,13.087789245661956,80.18452442574767,50,13.083361429629647,80.18203673891296,0.93,True
Unknown,N/A,N/A,13.0810113,80.1840177,50,13.083361429629647,80.18203673891296,0.469,True
Unknown,N/A,N/A,13.078269427792304,80.18032427856517,50,13.083361429629647,80.18203673891296,0.933,True
Unknown,N/A,N/A,13.0810113,80.1840177,50,13.083361429629647,80.18203673891296,0.469,True
Unknown,N/A,N/A,13.085128789438617,80.17955620996422,50,13.083361429629647,80.18203673891296,0.465,True
Unknown,N/A,N/A,13.080130071509291,80.1804208185292,50,13.083361429629647,80.18203673891296,0.832,True
Unknown,N/A,N/A,13.083431496057136,80.18232501435546,50,13.083361429629647,80.18203673891296,0.01,True
Unknown,N/A,N/A,13.0846196,80.1824195,50,13.083361429629647,80.18203673891296,0.17,True
Unknown,N/A,N/A,13.0815184,80.1788992,50,13.083361429629647,80.18203673891296,0.842,True
Unknown,N/A,N/A,13.085269706948004,80.18749241264072,50,13.083361429629647,80.18203673891296,0.734,True
Unknown,N/A,N/A,13.0876656,80.17891019999999,50,13.083361429629647,80.18203673891296,0.803,True
Unknown,N/A,N/A,13.081174938541636,80.18391013985196,50,13.083361429629647,80.18203673891296,0.441,True
Unknown,N/A,N/A,13.0799688,80.18047969999999,50,13.083361429629647,80.18203673891296,0.813,True
Unknown,N/A,N/A,13.0852608,80.1791694,50,13.083361429629647,80.18203673891296,0.539,True
Unknown,N/A,N/A,13.082000874267331,80.17691450823244,50,13.083361429629647,80.18203673891296,0.758,True
Unknown,N/A,N/A,13.080237168169496,80.18049904908915,50,13.083361429629647,80.18203673891296,0.843,True
Unknown,N/A,N/A,13.0785923,80.1805661,50,13.083361429629647,80.18203673891296,0.877,True
Unknown,N/A,N/A,13.0852022,80.1797022,50,13.083361429629647,80.18203673891296,0.475,True
Unknown,N/A,N/A,13.0782663549589,80.18058481408217,50,13.083361429629647,80.18203673891296,0.905,True
Unknown,N/A,N/A,13.0796288,80.1835108,50,13.083361429629647,80.18203673891296,0.782,True
Unknown,N/A,N/A,13.0810959,80.1838368,50,13.083361429629647,80.18203673891296,0.487,True
Unknown,N/A,N/A,13.085460815206735,80.17970126508301,50,13.083361429629647,80.18203673891296,0.504,True
Unknown,N/A,N/A,13.0850457,80.1875866,50,13.083361429629647,80.18203673891296,0.76,True
Unknown,N/A,N/A,13.0851575,80.1801517,50,13.083361429629647,80.18203673891296,0.523,True
Unknown,N/A,N/A,13.0810959,80.1838368,50,13.083361429629647,80.18203673891296,0.487,True
Unknown,N/A,N/A,13.0868645,80.1796196,50,13.083361429629647,80.18203673891296,0.661,True
Unknown,N/A,N/A,13.078462237487855,80.18095163510745,50,13.083361429629647,80.18203673891296,0.853,True
Unknown,N/A,N/A,13.087812016569556,80.18514194509896,50,13.083361429629647,80.18203673891296,0.875,True
Unknown,N/A,N/A,13.08008445842588,80.1804295831069,50,13.083361429629647,80.18203673891296,0.827,True
Unknown,N/A,N/A,13.0794593,80.1835998,50,13.083361429629647,80.18203673891296,0.802,True
Unknown,N/A,N/A,13.081939,80.1879783,50,13.083361429629647,80.18203673891296,0.931,True
Unknown,N/A,N/A,13.078297300189792,80.18061848503916,50,13.083361429629647,80.18203673891296,0.901,True
Unknown,N/A,N/A,13.130610309863892,80.13162178278975,51,13.128941903073933,80.12899283034645,0.495,True
Unknown,N/A,N/A,13.130633210007872,80.13022249959072,51,13.128941903073933,80.12899283034645,0.374,True
Unknown,N/A,N/A,13.130613,80.131721,51,13.128941903073933,80.12899283034645,0.506,True
Unknown,N/A,N/A,13.130668725546537,80.13173835818284,51,13.128941903073933,80.12899283034645,0.508,True
Unknown,N/A,N/A,13.130704846286273,80.13167818327811,51,13.128941903073933,80.12899283034645,0.501,True
Unknown,N/A,N/A,13.130671181476208,80.13186779200619,51,13.128941903073933,80.12899283034645,0.522,True
Unknown,N/A,N/A,13.130251838593429,80.13245349189881,51,13.128941903073933,80.12899283034645,0.598,True
Unknown,N/A,N/A,13.130651561891524,80.13165747963639,51,13.128941903073933,80.12899283034645,0.499,True
Unknown,N/A,N/A,13.130699215491434,80.13156380878902,51,13.128941903073933,80.12899283034645,0.489,True
Unknown,N/A,N/A,13.130662488463958,80.13161454045041,51,13.128941903073933,80.12899283034645,0.494,True
Unknown,N/A,N/A,13.1519522,80.29867639999999,52,13.157601210945337,80.30078413337317,0.865,True
Unknown,N/A,N/A,13.158070909718113,80.30194551697284,52,13.157601210945337,80.30078413337317,0.191,True
Unknown,N/A,N/A,13.15491750369452,80.3008624637897,52,13.157601210945337,80.30078413337317,0.346,True
Unknown,N/A,N/A,13.1501255,80.29936359999999,52,13.157601210945337,80.30078413337317,0.952,True
Unknown,N/A,N/A,13.15010567928486,80.29931792184904,52,13.157601210945337,80.30078413337317,0.948,True
Unknown,N/A,N/A,13.1637859,80.29839179999999,52,13.157601210945337,80.30078413337317,0.97,True
Unknown,N/A,N/A,13.159647667624432,80.30048392172193,52,13.157601210945337,80.30078413337317,0.318,True
Unknown,N/A,N/A,13.131890482766794,80.1655445927168,53,13.130995807775218,80.16739027024093,0.465,True
Unknown,N/A,N/A,13.132127009043105,80.16547219238954,53,13.130995807775218,80.16739027024093,0.396,True
Unknown,N/A,N/A,13.131998493343136,80.16997499609948,53,13.130995807775218,80.16739027024093,0.429,True
Unknown,N/A,N/A,13.1328308,80.1736418,53,13.130995807775218,80.16739027024093,0.852,True
Unknown,N/A,N/A,13.1328308,80.1736418,53,13.130995807775218,80.16739027024093,0.852,True
Unknown,N/A,N/A,13.131936007236328,80.16575050462689,53,13.130995807775218,80.16739027024093,0.491,True
Unknown,N/A,N/A,13.131637206136173,80.16345170160662,53,13.130995807775218,80.16739027024093,0.738,True
Unknown,N/A,N/A,13.131902945362222,80.16548660984829,53,13.130995807775218,80.16739027024093,0.459,True
Unknown,N/A,N/A,13.13203193450036,80.17024687244707,53,13.130995807775218,80.16739027024093,0.457,True
Unknown,N/A,N/A,13.131990595758923,80.16963175494422,53,13.130995807775218,80.16739027024093,0.392,True
Unknown,N/A,N/A,12.8014544,79.77363059999999,54,12.803424318626215,79.7687761507654,0.776,True
Unknown,N/A,N/A,12.804274555878644,79.76865525229626,54,12.803424318626215,79.7687761507654,0.166,True
Unknown,N/A,N/A,12.804544,79.7640426,54,12.803424318626215,79.7687761507654,0.8,True
Unknown,N/A,N/A,13.0177153,80.2056743,55,13.017274611026137,80.20593803934342,0.056,True
Unknown,N/A,N/A,13.0177153,80.2056743,55,13.017274611026137,80.20593803934342,0.056,True
Unknown,N/A,N/A,13.018183225799865,80.20606965431625,55,13.017274611026137,80.20593803934342,0.1,True
Unknown,N/A,N/A,13.0175653,80.2054638,55,13.017274611026137,80.20593803934342,0.081,True
Unknown,N/A,N/A,12.866322635254424,80.07492487308052,56,12.867524246354499,80.07530184237345,0.163,True
Unknown,N/A,N/A,12.8621186,80.073253,56,12.867524246354499,80.07530184237345,0.655,True
Unknown,N/A,N/A,12.860844707416051,80.0725450127968,56,12.867524246354499,80.07530184237345,0.817,True
Unknown,N/A,N/A,13.073107,80.2095144,57,13.067787904014024,80.21238753908318,0.875,True
Unknown,N/A,N/A,13.0648085,80.20773,57,13.067787904014024,80.21238753908318,0.869,True
Unknown,N/A,N/A,13.0719475,80.2117603,57,13.067787904014024,80.21238753908318,0.865,True
Unknown,N/A,N/A,13.071330498789347,80.21558573369634,57,13.067787904014024,80.21238753908318,0.764,True
Unknown,N/A,N/A,13.066504989588667,80.20693411602943,57,13.067787904014024,80.21238753908318,0.818,True
Unknown,N/A,N/A,13.071379019899007,80.21567595661216,57,13.067787904014024,80.21238753908318,0.768,True
Unknown,N/A,N/A,13.070978153142118,80.21555118215252,57,13.067787904014024,80.21238753908318,0.725,True
Unknown,N/A,N/A,13.06701085102708,80.21443334100036,57,13.067787904014024,80.21238753908318,0.579,True
Unknown,N/A,N/A,13.06363421146734,80.21456437789685,57,13.067787904014024,80.21238753908318,0.954,True
Unknown,N/A,N/A,13.0648085,80.20773,57,13.067787904014024,80.21238753908318,0.869,True
Unknown,N/A,N/A,13.06837244563281,80.21452578598179,57,13.067787904014024,80.21238753908318,0.434,True
Unknown,N/A,N/A,13.067463070228651,80.20855075595856,57,13.067787904014024,80.21238753908318,0.494,True
Unknown,N/A,N/A,13.1750723,80.0199562,58,13.1750723,80.0199562,0.0,True
Unknown,N/A,N/A,13.1750723,80.0199562,58,13.1750723,80.0199562,0.0,True
Unknown,N/A,N/A,13.1362021,80.2585897,59,13.131362052414245,80.25927620223277,0.655,True
Unknown,N/A,N/A,13.1336032,80.2597005,59,13.131362052414245,80.25927620223277,0.483,True
Unknown,N/A,N/A,13.123626,80.2591218,59,13.131362052414245,80.25927620223277,0.956,True
Unknown,N/A,N/A,13.0718515,80.11721,60,13.071643768511246,80.12312965306248,0.8351438371853387,True
Unknown,N/A,N/A,13.073323,80.123188,60,13.071643768511246,80.12312965306248,0.24164786549936207,True
Unknown,N/A,N/A,13.068114150314374,80.12784633546234,60,13.071643768511246,80.12312965306248,0.8366151863830972,True
Unknown,N/A,N/A,13.073323,80.123188,60,13.071643768511246,80.12312965306248,0.24164786549936207,True
Unknown,N/A,N/A,13.0695939,80.1240011,60,13.071643768511246,80.12312965306248,0.3193909748233364,True
Unknown,N/A,N/A,13.069344156382304,80.12386801351659,60,13.071643768511246,80.12312965306248,0.3467279279663008,True
Unknown,N/A,N/A,13.075956672882045,80.12260612245838,60,13.071643768511246,80.12312965306248,0.6246600861467104,True
Unknown,N/A,N/A,13.093525088344736,80.23850648069754,61,13.097033056949357,80.24190070280756,0.6953455478527284,True
Unknown,N/A,N/A,13.0980461,80.2388117,61,13.097033056949357,80.24190070280756,0.4591984788195377,True
Unknown,N/A,N/A,13.097823820301684,80.23783390094948,61,13.097033056949357,80.24190070280756,0.5844884661713576,True
Unknown,N/A,N/A,13.0921885,80.2466816,61,13.097033056949357,80.24190070280756,0.9693944575681386,True
Unknown,N/A,N/A,13.0980461,80.2388117,61,13.097033056949357,80.24190070280756,0.4591984788195377,True
Unknown,N/A,N/A,13.09568798568628,80.23548966978397,61,13.097033056949357,80.24190070280756,0.9242701394422662,True
Unknown,N/A,N/A,13.096743802611774,80.24591883517506,61,13.097033056949357,80.24190070280756,0.5679828406411787,True
Unknown,N/A,N/A,13.097794,80.239926,61,13.097033056949357,80.24190070280756,0.2991227985941359,True
Unknown,N/A,N/A,13.0948827,80.2425143,61,13.097033056949357,80.24190070280756,0.3211355065130862,True
Unknown,N/A,N/A,12.95503505795849,80.18663337176649,62,12.949883815819694,80.18466664407146,0.791085691757228,True
Unknown,N/A,N/A,12.955905953367234,80.1868273761714,62,12.949883815819694,80.18466664407146,0.9181617286595465,True
Unknown,N/A,N/A,12.9491632,80.1852782,62,12.949883815819694,80.18466664407146,0.13484283165309835,True
Unknown,N/A,N/A,12.9556074,80.1868681,62,12.949883815819694,80.18466664407146,0.8797856488162835,True
Unknown,N/A,N/A,12.955235981416797,80.1867985243443,62,12.949883815819694,80.18466664407146,0.8263992585841067,True
Unknown,N/A,N/A,12.9555591,80.1834189,62,12.949883815819694,80.18466664407146,0.8349747375325192,True
Unknown,N/A,N/A,13.3425842,80.2209773,63,13.339641413797091,80.21742239614095,0.6555830412944699,True
Unknown,N/A,N/A,13.3425842,80.2209773,63,13.339641413797091,80.21742239614095,0.6555830412944699,True
Unknown,N/A,N/A,12.9617233,80.19937159999999,64,12.964579608350414,80.1987367246171,0.42043938328862157,True
Unknown,N/A,N/A,12.9617233,80.19937159999999,64,12.964579608350414,80.1987367246171,0.42043938328862157,True
Unknown,N/A,N/A,12.965527753862734,80.20063223823699,64,12.964579608350414,80.1987367246171,0.30012815623336164,True
Unknown,N/A,N/A,12.959995654570266,80.20176521150611,64,12.964579608350414,80.1987367246171,0.7855576974349348,True
Unknown,N/A,N/A,12.964897130768678,80.19732979137461,64,12.964579608350414,80.1987367246171,0.20363444729042918,True
Unknown,N/A,N/A,12.96488431580826,80.19692006087853,64,12.964579608350414,80.1987367246171,0.25996087396585854,True
Unknown,N/A,N/A,12.964954401920528,80.1968513224786,64,12.964579608350414,80.1987367246171,0.2713438304102828,True
Unknown,N/A,N/A,12.964877820099389,80.1968917571343,64,12.964579608350414,80.1987367246171,0.2637433211725709,True
Unknown,N/A,N/A,12.9640567,80.203685,64,12.964579608350414,80.1987367246171,0.7019956586442608,True
Unknown,N/A,N/A,12.9617233,80.19937159999999,64,12.964579608350414,80.1987367246171,0.42043938328862157,True
Unknown,N/A,N/A,12.96491742457611,80.19694688305053,64,12.964579608350414,80.1987367246171,0.25708971271132874,True
Unknown,N/A,N/A,12.966030367302563,80.20479703136616,64,12.964579608350414,80.1987367246171,0.8799004130118685,True
Unknown,N/A,N/A,12.964859920240684,80.19679936155471,64,12.964579608350414,80.1987367246171,0.2762229408667664,True
Unknown,N/A,N/A,12.964863547728536,80.19650082520482,64,12.964579608350414,80.1987367246171,0.3180065994038211,True
Unknown,N/A,N/A,12.964846315031558,80.19636273581754,64,12.964579608350414,80.1987367246171,0.33704110060610504,True
Unknown,N/A,N/A,12.9605727,80.2009924,64,12.964579608350414,80.1987367246171,0.6582682989062518,True
Unknown,N/A,N/A,12.942504499631566,80.14154804523763,65,12.939684059920808,80.14768373179564,0.9558576733779995,True
Unknown,N/A,N/A,12.942589023991909,80.14273872953622,65,12.939684059920808,80.14768373179564,0.8131024426989313,True
Unknown,N/A,N/A,12.933964726897017,80.1496672803948,65,12.939684059920808,80.14768373179564,0.8688382681396255,True
Unknown,N/A,N/A,12.9854027,80.2289567,66,12.979021557265991,80.2262300610519,0.9950494858078284,True
Unknown,N/A,N/A,12.9755397,80.22064379999999,66,12.979021557265991,80.2262300610519,0.9335685831772227,True
Unknown,N/A,N/A,12.977219479393536,80.22350408641462,66,12.979021557265991,80.2262300610519,0.4636751344105539,True
Unknown,N/A,N/A,12.9740128,80.2245699,66,12.979021557265991,80.2262300610519,0.7574574004862793,True
Unknown,N/A,N/A,12.97614085522245,80.22123120377425,66,12.979021557265991,80.2262300610519,0.8177682157695602,True
Unknown,N/A,N/A,12.976006248853269,80.21996922443275,66,12.979021557265991,80.2262300610519,0.9837843714504497,True
Unknown,N/A,N/A,12.9756547037202,80.2200322563446,66,12.979021557265991,80.2262300610519,0.9993087111058065,True
Unknown,N/A,N/A,12.9779481,80.22356099999999,66,12.979021557265991,80.2262300610519,0.40687767286429904,True
Unknown,N/A,N/A,12.982937911057808,80.22196870809837,66,12.979021557265991,80.2262300610519,0.8236984934214928,True
Unknown,N/A,N/A,12.9766672,80.23035689999999,66,12.979021557265991,80.2262300610519,0.6733838529623216,True
Unknown,N/A,N/A,12.97786804507202,80.22341786597131,66,12.979021557265991,80.2262300610519,0.4299350222951366,True
Unknown,N/A,N/A,13.103409424211817,80.20211015122314,67,13.10199674853655,80.2068004887593,0.6917170033656334,True
Unknown,N/A,N/A,13.1051726,80.2046582,67,13.10199674853655,80.2068004887593,0.5475661229383041,True
Unknown,N/A,N/A,13.103206,80.207732,67,13.10199674853655,80.2068004887593,0.21792373428876197,True
Unknown,N/A,N/A,13.103448441491707,80.20235150024719,67,13.10199674853655,80.2068004887593,0.6610208867905152,True
Unknown,N/A,N/A,13.103111908723106,80.20775950718401,67,13.10199674853655,80.2068004887593,0.2097627274699955,True
Unknown,N/A,N/A,13.1019667683148,80.21118193261711,67,13.10199674853655,80.2068004887593,0.6176776003969507,True
Unknown,N/A,N/A,13.1051726,80.2046582,67,13.10199674853655,80.2068004887593,0.5475661229383041,True
Unknown,N/A,N/A,13.103495062893588,80.21336871031478,67,13.10199674853655,80.2068004887593,0.9506791830872758,True
Unknown,N/A,N/A,13.103408863889962,80.20203113373351,67,13.10199674853655,80.2068004887593,0.7023492284880144,True
Unknown,N/A,N/A,13.1080753,80.2068771,67,13.10199674853655,80.2068004887593,0.8742888251577297,True
Unknown,N/A,N/A,13.103206,80.207732,67,13.10199674853655,80.2068004887593,0.21792373428876197,True
Unknown,N/A,N/A,13.10340306317118,80.2018406113976,67,13.10199674853655,80.2068004887593,0.7278693347572954,True
Unknown,N/A,N/A,12.9749128,80.1327824,68,12.97526278550917,80.13444803209262,0.24025955820686593,True
Unknown,N/A,N/A,12.9730648623223,80.13754168501018,68,12.97526278550917,80.13444803209262,0.5388110352167149,True
Unknown,N/A,N/A,12.975278637450712,80.13257518836431,68,12.97526278550917,80.13444803209262,0.26416345815766534,True
Unknown,N/A,N/A,12.97175798512407,80.13521352758525,68,12.97526278550917,80.13444803209262,0.5154919370022026,True
Unknown,N/A,N/A,12.973058577457298,80.13750310193733,68,12.97526278550917,80.13444803209262,0.5349486896475966,True
Unknown,N/A,N/A,12.9731726,80.13773069999999,68,12.97526278550917,80.13444803209262,0.5520304484684966,True
Unknown,N/A,N/A,12.972843664127096,80.12891759415653,68,12.97526278550917,80.13444803209262,0.8541122094454121,True
Unknown,N/A,N/A,12.97309886290613,80.13754874570301,68,12.97526278550917,80.13444803209262,0.5367679538045591,True
Unknown,N/A,N/A,12.9731411,80.1374925,68,12.97526278550917,80.13444803209262,0.526782429312469,True
Unknown,N/A,N/A,12.9730617,80.1375868,68,12.97526278550917,80.13444803209262,0.5442413734616305,True
Unknown,N/A,N/A,12.970464607211802,80.13807611499269,68,12.97526278550917,80.13444803209262,0.8591041296607033,True
Unknown,N/A,N/A,12.973073055816808,80.1375107144806,68,12.97526278550917,80.13444803209262,0.5345846184761326,True
Unknown,N/A,N/A,12.973145206610903,80.13747553972524,68,12.97526278550917,80.13444803209262,0.5244911294792499,True
Unknown,N/A,N/A,12.9730115,80.13770869999999,68,12.97526278550917,80.13444803209262,0.5624416570542695,True
Unknown,N/A,N/A,12.9748885,80.1326318,68,12.97526278550917,80.13444803209262,0.26176365895081344,True
Unknown,N/A,N/A,12.97930369942102,80.13391740202141,68,12.97526278550917,80.13444803209262,0.5859609533447456,True
Unknown,N/A,N/A,12.975805835447122,80.12978894394674,68,12.97526278550917,80.13444803209262,0.6617612653737224,True
Unknown,N/A,N/A,12.973182963462635,80.1374265867491,68,12.97526278550917,80.13444803209262,0.5157168698034497,True
Unknown,N/A,N/A,13.1694074,80.2498412,69,13.16608968190605,80.2487939091545,0.49946629974860957,True
Unknown,N/A,N/A,13.16159983461543,80.24393818070891,69,13.16608968190605,80.2487939091545,0.9409109723519459,True
Unknown,N/A,N/A,13.166765292409234,80.25030125845426,69,13.16608968190605,80.2487939091545,0.2336062929681206,True
Unknown,N/A,N/A,13.1670287,80.2459015,69,13.16608968190605,80.2487939091545,0.42943193377431726,True
Unknown,N/A,N/A,13.1668,80.24536700000002,69,13.16608968190605,80.2487939091545,0.4936596844853605,True
Unknown,N/A,N/A,13.165470934988369,80.25317663941303,69,13.16608968190605,80.2487939091545,0.6240617713269839,True
Unknown,N/A,N/A,13.16555561132933,80.25303158550527,69,13.16608968190605,80.2487939091545,0.6021600360924741,True
Unknown,N/A,N/A,13.1107318,79.9106255,70,13.10748798112048,79.91285307028201,0.5623661286634927,True
Unknown,N/A,N/A,13.10659528804197,79.90954370894174,70,13.10748798112048,79.91285307028201,0.48386301625330136,True
Unknown,N/A,N/A,13.10318928041036,79.90772847565026,70,13.10748798112048,79.91285307028201,0.9508467130550421,True
Unknown,N/A,N/A,13.103261166859182,79.9077685792655,70,13.10748798112048,79.91285307028201,0.9398383846097582,True
Unknown,N/A,N/A,13.11285890003226,79.91204773271912,70,13.10748798112048,79.91285307028201,0.7807480501568764,True
Unknown,N/A,N/A,13.1059537,79.9107916,70,13.10748798112048,79.91285307028201,0.36488721162041315,True
Unknown,N/A,N/A,13.103252696146129,79.90775919933625,70,13.10748798112048,79.91285307028201,0.9416348314337514,True
Unknown,N/A,N/A,13.1114714,80.2526411,71,13.110444494889709,80.25585956136541,0.4771310643632519,True
Unknown,N/A,N/A,13.114241805531234,80.2527464341286,71,13.110444494889709,80.25585956136541,0.7006048014516786,True
Unknown,N/A,N/A,13.114387029995385,80.25278003808796,71,13.110444494889709,80.25585956136541,0.7141158067981934,True
Unknown,N/A,N/A,13.107265,80.26157789999999,71,13.110444494889709,80.25585956136541,0.9267733088023014,True
Unknown,N/A,N/A,13.110072204646023,80.25729631027787,71,13.110444494889709,80.25585956136541,0.2094930700257733,True
Unknown,N/A,N/A,13.109461161670676,80.25724181506504,71,13.110444494889709,80.25585956136541,0.24076651008579872,True
Unknown,N/A,N/A,13.1114714,80.25264109999999,71,13.110444494889709,80.25585956136541,0.47713106436462815,True
Unknown,N/A,N/A,13.076924651780574,80.21064986546781,72,13.08117186053116,80.20863147123123,0.6738672210387814,True
Unknown,N/A,N/A,13.0772399,80.2094707,72,13.08117186053116,80.20863147123123,0.5777419325113987,True
Unknown,N/A,N/A,13.07696540292078,80.21047763444297,72,13.08117186053116,80.20863147123123,0.6585904253006943,True
Unknown,N/A,N/A,13.0848065,80.2078935,72,13.08117186053116,80.20863147123123,0.5329891303289493,True
Unknown,N/A,N/A,13.08268170658553,80.20311560550253,72,13.08117186053116,80.20863147123123,0.8073961519813178,True
Unknown,N/A,N/A,13.0848065,80.2078935,72,13.08117186053116,80.20863147123123,0.5329891303289493,True
Unknown,N/A,N/A,13.077031270127286,80.21048183986422,72,13.08117186053116,80.20863147123123,0.6501370207632284,True
Unknown,N/A,N/A,13.0852696,80.2098457,72,13.08117186053116,80.20863147123123,0.6136979562095272,True
Unknown,N/A,N/A,13.0769907,80.21068269999999,72,13.08117186053116,80.20863147123123,0.6672619509815977,True
Unknown,N/A,N/A,13.0764366,80.2038354,72,13.08117186053116,80.20863147123123,0.9596945052489738,True
Unknown,N/A,N/A,13.0850234,80.2031057,72,13.08117186053116,80.20863147123123,0.9558990722865945,True
Unknown,N/A,N/A,13.084873,80.2101753,72,13.08117186053116,80.20863147123123,0.5750794790288839,True
Unknown,N/A,N/A,13.084873,80.2101753,72,13.08117186053116,80.20863147123123,0.5750794790288839,True
Unknown,N/A,N/A,13.084873,80.2101753,72,13.08117186053116,80.20863147123123,0.5750794790288839,True
Unknown,N/A,N/A,13.084873,80.2101753,72,13.08117186053116,80.20863147123123,0.5750794790288839,True
Unknown,N/A,N/A,13.074931174597507,80.20768688489119,72,13.08117186053116,80.20863147123123,0.9073646548056152,True
Unknown,N/A,N/A,13.084866402250164,80.20989270542967,72,13.08117186053116,80.20863147123123,0.5603135751432087,True
Unknown,N/A,N/A,13.0850234,80.2031057,72,13.08117186053116,80.20863147123123,0.9558990722865945,True
Unknown,N/A,N/A,13.0848241,80.1712824,73,13.081638324106361,80.16779406106087,0.6721553982296318,True
Unknown,N/A,N/A,13.0835569,80.1730553,73,13.081638324106361,80.16779406106087,0.7914081342736919,True
Unknown,N/A,N/A,13.0814762,80.1669512,73,13.081638324106361,80.16779406106087,0.12109591485034045,True
Unknown,N/A,N/A,13.0814762,80.1669512,73,13.081638324106361,80.16779406106087,0.12109591485034045,True
Unknown,N/A,N/A,13.081484662185735,80.16698803325673,73,13.081638324106361,80.16779406106087,0.11576601065995666,True
Unknown,N/A,N/A,13.080387000418629,80.16243801770085,73,13.081638324106361,80.16779406106087,0.7762673442934126,True
Unknown,N/A,N/A,13.0810062,80.1674173,73,13.081638324106361,80.16779406106087,0.10529254347693917,True
Unknown,N/A,N/A,13.0814762,80.1669512,73,13.081638324106361,80.16779406106087,0.12109591485034045,True
Unknown,N/A,N/A,13.082329081109984,80.16964777511105,73,13.081638324106361,80.16779406106087,0.2795887877087848,True
Unknown,N/A,N/A,13.080807324459196,80.16751173584099,73,13.081638324106361,80.16779406106087,0.1259686468609524,True
Unknown,N/A,N/A,13.085000611742036,80.16187778882671,73,13.081638324106361,80.16779406106087,0.9641309601215883,True
Unknown,N/A,N/A,13.08158236569824,80.16698725225307,73,13.081638324106361,80.16779406106087,0.11403145384659602,True
Unknown,N/A,N/A,13.0835569,80.1730553,73,13.081638324106361,80.16779406106087,0.7914081342736919,True
Unknown,N/A,N/A,13.080811059833792,80.1643783977683,73,13.081638324106361,80.16779406106087,0.49603466059872764,True
Unknown,N/A,N/A,13.0822908,80.16955209999999,73,13.081638324106361,80.16779406106087,0.26502435486741216,True
Unknown,N/A,N/A,13.0818914,80.1679107,73,13.081638324106361,80.16779406106087,0.0399398402616616,True
Unknown,N/A,N/A,13.0835569,80.1730553,73,13.081638324106361,80.16779406106087,0.7914081342736919,True
Unknown,N/A,N/A,13.083198346420954,80.17259852025956,73,13.081638324106361,80.16779406106087,0.713541294696071,True
Unknown,N/A,N/A,13.0814762,80.1669512,73,13.081638324106361,80.16779406106087,0.12109591485034045,True
Unknown,N/A,N/A,13.0800045,80.1640588,73,13.081638324106361,80.16779406106087,0.5766595589496605,True
Unknown,N/A,N/A,13.082481174203906,80.17010866712037,73,13.081638324106361,80.16779406106087,0.3481091183417104,True
Unknown,N/A,N/A,13.0835569,80.1730553,73,13.081638324106361,80.16779406106087,0.7914081342736919,True
Unknown,N/A,N/A,13.0814762,80.1669512,73,13.081638324106361,80.16779406106087,0.12109591485034045,True
Unknown,N/A,N/A,13.0807704,80.16441979999999,73,13.081638324106361,80.16779406106087,0.49182157253850567,True
Unknown,N/A,N/A,13.07653840537013,80.16779685108456,73,13.081638324106361,80.16779406106087,0.7334730118465117,True
Unknown,N/A,N/A,13.0814762,80.1669512,73,13.081638324106361,80.16779406106087,0.12109591485034045,True
Unknown,N/A,N/A,13.0814762,80.1669512,73,13.081638324106361,80.16779406106087,0.12109591485034045,True
Unknown,N/A,N/A,13.0814762,80.1669512,73,13.081638324106361,80.16779406106087,0.12109591485034045,True
Unknown,N/A,N/A,13.0822908,80.16955209999999,73,13.081638324106361,80.16779406106087,0.26502435486741216,True
Unknown,N/A,N/A,13.1615575,80.2004457,74,13.157065157664432,80.19690365000473,0.8164892794759671,True
Unknown,N/A,N/A,13.1615575,80.2004457,74,13.157065157664432,80.19690365000473,0.8164892794759671,True
Unknown,N/A,N/A,13.1615575,80.2004457,74,13.157065157664432,80.19690365000473,0.8164892794759671,True
Unknown,N/A,N/A,13.156536879026222,80.19739375348378,74,13.157065157664432,80.19690365000473,0.10268435553568431,True
Unknown,N/A,N/A,13.029911236376096,80.26567726228403,75,13.027526007050636,80.26870651479668,0.5478598458328148,True
Unknown,N/A,N/A,13.030836504200051,80.27346828724376,75,13.027526007050636,80.26870651479668,0.8231432523215199,True
Unknown,N/A,N/A,13.025033288836102,80.27462366857868,75,13.027526007050636,80.26870651479668,0.908164686171893,True
Unknown,N/A,N/A,13.02505297482349,80.27455636389122,75,13.027526007050636,80.26870651479668,0.8983275462439684,True
Unknown,N/A,N/A,13.023360382564364,80.2644968006904,75,13.027526007050636,80.26870651479668,0.8434005369727381,True
Unknown,N/A,N/A,13.0984303,80.2883617,76,13.099340567384628,80.28305983029952,0.7588051176128272,True
Unknown,N/A,N/A,13.0963045,80.2865916,76,13.099340567384628,80.28305983029952,0.6622367113698698,True
Unknown,N/A,N/A,13.1530674,80.0644642,77,13.152346687330006,80.06957328884205,0.7275146333744767,True
Unknown,N/A,N/A,13.152326608755237,80.0671929050761,77,13.152346687330006,80.06957328884205,0.3355124496394634,True
Unknown,N/A,N/A,13.1521192,80.0687898,77,13.152346687330006,80.06957328884205,0.11517267142132943,True
Unknown,N/A,N/A,13.152288727894796,80.06721483913415,77,13.152346687330006,80.06957328884205,0.33251308303306043,True
Unknown,N/A,N/A,12.9054176,80.0949806,78,12.902005231160006,80.0891907901322,0.9529395929464,True
Unknown,N/A,N/A,12.904753986950622,80.09468414540825,78,12.902005231160006,80.0891907901322,0.8700271328662518,True
Unknown,N/A,N/A,12.9036431,80.0896446,78,12.902005231160006,80.0891907901322,0.2441022145603535,True
Unknown,N/A,N/A,12.904292062162298,80.0945143794751,78,12.902005231160006,80.0891907901322,0.8199294112397116,True
Unknown,N/A,N/A,13.0359254,80.0990596,79,13.03552281901943,80.09325287583172,0.8208506042908659,True
Unknown,N/A,N/A,13.0418322,80.093688,79,13.03552281901943,80.09325287583172,0.9094875242963616,True
Unknown,N/A,N/A,13.0392556,80.093125,79,13.03552281901943,80.09325287583172,0.5371514690962828,True
Unknown,N/A,N/A,13.0388498,80.091741,79,13.03552281901943,80.09325287583172,0.5238307397316383,True
Unknown,N/A,N/A,13.039841,80.092154,79,13.03552281901943,80.09325287583172,0.640079535834567,True
Unknown,N/A,N/A,13.119043178835954,80.08212911321414,80,13.120134614749269,80.07932586024332,0.42518937273248236,True
Unknown,N/A,N/A,13.1186682,80.074851,80,13.120134614749269,80.07932586024332,0.6651104559045784,True
Unknown,N/A,N/A,13.12234680774294,80.0778075146283,80,13.120134614749269,80.07932586024332,0.3834497051736011,True
Unknown,N/A,N/A,13.119065579710584,80.07463107366696,80,13.120134614749269,80.07932586024332,0.6794133287716928,True
Unknown,N/A,N/A,13.1196407,80.0749822,80,13.120134614749269,80.07932586024332,0.6163986410143327,True
Unknown,N/A,N/A,13.123516,80.07397259999999,80,13.120134614749269,80.07932586024332,0.897733043943902,True
Unknown,N/A,N/A,13.12194442186661,80.08547405429961,80,13.120134614749269,80.07932586024332,0.9049018973031665,True
Unknown,N/A,N/A,13.118727556848322,80.08590772388877,80,13.120134614749269,80.07932586024332,0.9496083208056466,True
Unknown,N/A,N/A,13.1206545,80.0758634,80,13.120134614749269,80.07932586024332,0.49376893905485525,True
Unknown,N/A,N/A,13.1191519980246,80.07975101105937,80,13.120134614749269,80.07932586024332,0.15350317785469408,True
Unknown,N/A,N/A,13.138601027712667,80.11004117430475,81,13.142870472703933,80.10631865112282,0.8076765502950681,True
Unknown,N/A,N/A,13.14197743270804,80.10467111779165,81,13.142870472703933,80.10631865112282,0.2653712067064444,True
Unknown,N/A,N/A,13.142861258701291,80.10599629349595,81,13.142870472703933,80.10631865112282,0.045455330450421993,True
Unknown,N/A,N/A,13.1407044,80.1023549,81,13.142870472703933,80.10631865112282,0.6396742521166536,True
Unknown,N/A,N/A,12.837618320108032,79.70344884708267,82,12.838788805009619,79.70736339674042,0.5775038564172328,True
Unknown,N/A,N/A,12.838825472240808,79.70086614872965,82,12.838788805009619,79.70736339674042,0.916911000230481,True
Unknown,N/A,N/A,12.8402366,79.7062361,82,12.838788805009619,79.70736339674042,0.2620360865181988,True
Unknown,N/A,N/A,12.8397338,79.7111791,82,12.838788805009619,79.70736339674042,0.5553598041866609,True
Unknown,N/A,N/A,12.8342269,79.7084541,82,12.838788805009619,79.70736339674042,0.6738971204977083,True
Unknown,N/A,N/A,12.837261511668755,79.70708464703849,82,12.838788805009619,79.70736339674042,0.22314671802139652,True
Unknown,N/A,N/A,12.8374724,79.70306529999999,82,12.838788805009619,79.70736339674042,0.635411774468798,True
Unknown,N/A,N/A,12.84409379655004,79.70470862184557,82,12.838788805009619,79.70736339674042,0.8499715679737105,True
Unknown,N/A,N/A,12.837555196324027,79.70350317836593,82,12.838788805009619,79.70736339674042,0.572919899297953,True
Unknown,N/A,N/A,12.8382534,79.7089682,82,12.838788805009619,79.70736339674042,0.23920346039747842,True
Unknown,N/A,N/A,12.8372632,79.7038469,82,12.838788805009619,79.70736339674042,0.5425921900881651,True
Unknown,N/A,N/A,12.83880422858708,79.70115953209492,82,12.838788805009619,79.70736339674042,0.875496232521025,True
Unknown,N/A,N/A,12.837546271136771,79.70357856534515,82,12.838788805009619,79.70736339674042,0.5632197568763518,True
Unknown,N/A,N/A,13.03678319175697,80.21450143162937,83,13.03547487790181,80.21073502927,0.5634460835541067,True
Unknown,N/A,N/A,13.031752355210743,80.207749031419,83,13.03547487790181,80.21073502927,0.6811132347029134,True
Unknown,N/A,N/A,13.02889074119872,80.208858595603,83,13.03547487790181,80.21073502927,0.9832040839018098,True
Unknown,N/A,N/A,13.029446879650056,80.20902792438993,83,13.03547487790181,80.21073502927,0.8997463958299922,True
Unknown,N/A,N/A,13.038962337693713,80.2158616007273,83,13.03547487790181,80.21073502927,0.879854516182087,True
Unknown,N/A,N/A,13.0310747,80.2157924,83,13.03547487790181,80.21073502927,0.9534446353903566,True
Unknown,N/A,N/A,13.02902483476024,80.20886364555831,83,13.03547487790181,80.21073502927,0.9644491105879954,True
Unknown,N/A,N/A,13.035951839212911,80.20388754642352,83,13.03547487790181,80.21073502927,0.9679970747719246,True
Unknown,N/A,N/A,13.0373222,80.2123115,83,13.03547487790181,80.21073502927,0.3464145925641707,True
Unknown,N/A,N/A,13.0294896,80.2084704,83,13.03547487790181,80.21073502927,0.9181279079983525,True
Unknown,N/A,N/A,13.0350752,80.2162862,83,13.03547487790181,80.21073502927,0.7848796082358805,True
Unknown,N/A,N/A,13.058092297774309,80.19443196029032,84,13.056470593597894,80.1940280817084,0.24008521199773566,True
Unknown,N/A,N/A,13.0537182,80.1906046,84,13.056470593597894,80.1940280817084,0.6242625330393659,True
Unknown,N/A,N/A,13.052138639992585,80.1918083103381,84,13.056470593597894,80.1940280817084,0.6972214264156738,True
Unknown,N/A,N/A,13.0620719,80.1923735,84,13.056470593597894,80.1940280817084,0.8386811052779557,True
Unknown,N/A,N/A,13.055664229401838,80.19132584706729,84,13.056470593597894,80.1940280817084,0.3982696400162423,True
Unknown,N/A,N/A,13.0620719,80.1923735,84,13.056470593597894,80.1940280817084,0.8386811052779557,True
Unknown,N/A,N/A,13.0525311,80.19831719999999,84,13.056470593597894,80.1940280817084,0.8287036715215452,True
Unknown,N/A,N/A,13.0513869,80.19697880000001,84,13.056470593597894,80.1940280817084,0.8412256523848313,True
Unknown,N/A,N/A,13.0583197,80.1962241,84,13.056470593597894,80.1940280817084,0.4081623045497522,True
Unknown,N/A,N/A,13.058128,80.1944426,84,13.056470593597894,80.1940280817084,0.245429330900397,True
Unknown,N/A,N/A,13.058123076070048,80.19450574726001,84,13.056470593597894,80.1940280817084,0.2470192111538191,True
Unknown,N/A,N/A,13.051243602676976,80.19152371169541,84,13.056470593597894,80.1940280817084,0.8305504872230834,True
Unknown,N/A,N/A,13.0210902,80.12670240000001,85,13.018105895843657,80.1234326714709,0.6299383838453914,True
Unknown,N/A,N/A,13.0210902,80.12670240000001,85,13.018105895843657,80.1234326714709,0.6299383838453914,True
Unknown,N/A,N/A,13.0210902,80.12670240000001,85,13.018105895843657,80.1234326714709,0.6299383838453914,True
Unknown,N/A,N/A,13.0210902,80.12670240000001,85,13.018105895843657,80.1234326714709,0.6299383838453914,True
Unknown,N/A,N/A,13.0210902,80.12670240000001,85,13.018105895843657,80.1234326714709,0.6299383838453914,True
Unknown,N/A,N/A,13.021068658436576,80.1295942147088,85,13.018105895843657,80.1234326714709,0.9677519526103547,True
Unknown,N/A,N/A,12.783709004170028,79.67718771819995,86,12.78373856893078,79.67714368696849,0.007530331376997204,True
Unknown,N/A,N/A,12.783768133691533,79.67709965573705,86,12.78373856893078,79.67714368696849,0.007530330783868775,True
Unknown,N/A,N/A,12.84506459494783,80.06060937471388,87,12.847258766955115,80.05572854263241,0.7576131870987189,True
Unknown,N/A,N/A,12.8447677,80.0616833,87,12.847258766955115,80.05572854263241,0.9134987988552236,True
Unknown,N/A,N/A,12.95580395432261,79.94271634137188,88,12.954387011824508,79.94206114655994,0.22376088333622607,True
Unknown,N/A,N/A,12.955678881150911,79.94515049830797,88,12.954387011824508,79.94206114655994,0.4737252389551256,True
Unknown,N/A,N/A,12.9516782,79.9383166,88,12.954387011824508,79.94206114655994,0.6563229424098384,True
Unknown,N/A,N/A,12.871291247096622,79.70879182883418,89,12.872449340418745,79.70223045574863,0.9406863021854386,True
Unknown,N/A,N/A,12.873607433740869,79.6956690826631,89,12.872449340418745,79.70223045574863,0.9406821227049269,True
Unknown,N/A,N/A,13.12422951572174,80.03181913650562,90,13.118815972212989,80.02861438906112,0.9001457190725337,True
Unknown,N/A,N/A,13.1244914,80.0300507,90,13.118815972212989,80.02861438906112,0.8409807262383792,True
Unknown,N/A,N/A,13.121027596810528,80.02972237656991,90,13.118815972212989,80.02861438906112,0.35435454136463834,True
Unknown,N/A,N/A,13.113222,80.0256719,90,13.118815972212989,80.02861438906112,0.9051610052942067,True
Unknown,N/A,N/A,13.0146027,80.0035331,91,13.013362808606042,80.00662056336512,0.4705023860433288,True
Unknown,N/A,N/A,13.007969,80.0024265,91,13.013362808606042,80.00662056336512,0.9754981403413441,True
Unknown,N/A,N/A,13.00939806024229,80.00470714355583,91,13.013362808606042,80.00662056336512,0.6308334393333773,True
Unknown,N/A,N/A,13.0098434,80.0037074,91,13.013362808606042,80.00662056336512,0.6519014686701881,True
Unknown,N/A,N/A,13.0083969,80.0037518,91,13.013362808606042,80.00662056336512,0.8208215825015389,True
Unknown,N/A,N/A,13.0192427,80.0064377,91,13.013362808606042,80.00662056336512,0.846037975157837,True
Unknown,N/A,N/A,13.098761,80.132513,92,13.09801244836324,80.13148905521604,0.1800750124036548,True
Unknown,N/A,N/A,13.092554549349906,80.12996456474237,92,13.09801244836324,80.13148905521604,0.8138486121965418,True
Unknown,N/A,N/A,13.0965075,80.1345322,92,13.09801244836324,80.13148905521604,0.48051526284740775,True
Unknown,N/A,N/A,13.099145143635964,80.13263490434036,92,13.09801244836324,80.13148905521604,0.22941601459605845,True
Unknown,N/A,N/A,13.099181607702292,80.13257759096628,92,13.09801244836324,80.13148905521604,0.22764624564740035,True
Unknown,N/A,N/A,12.9009165,80.2278489,93,12.90393995,80.22817645,0.43727698950236654,True
Unknown,N/A,N/A,12.9069634,80.228504,93,12.90393995,80.22817645,0.43727703061543777,True
Unknown,N/A,N/A,13.1138424,80.2944637,94,13.112839040247279,80.28987992847321,0.6620729807169611,True
Unknown,N/A,N/A,13.1138067,80.29247459999999,94,13.112839040247279,80.28987992847321,0.39134226522140547,True
Unknown,N/A,N/A,13.1143331,80.2926014,94,13.112839040247279,80.28987992847321,0.43971289152564813,True
Unknown,N/A,N/A,13.11612790570376,80.28928992232431,94,13.112839040247279,80.28987992847321,0.4802639881895837,True
Unknown,N/A,N/A,13.1143331,80.2926014,94,13.112839040247279,80.28987992847321,0.43971289152564813,True
Unknown,N/A,N/A,13.113842400000005,80.29320485077545,94,13.112839040247279,80.28987992847321,0.490412086729549,True
Unknown,N/A,N/A,13.1166945,80.2903832,94,13.112839040247279,80.28987992847321,0.5590156595491489,True
Unknown,N/A,N/A,13.11380148807641,80.29248075820803,94,13.112839040247279,80.28987992847321,0.391888350614096,True
Unknown,N/A,N/A,13.1105929,80.2853592,94,13.112839040247279,80.28987992847321,0.7144736791090449,True
Unknown,N/A,N/A,13.110720207634314,80.2920234708208,94,13.112839040247279,80.28987992847321,0.4291474004546407,True
Unknown,N/A,N/A,13.12608939338411,80.21937085316893,95,13.124304152566985,80.21931915666235,0.2568585472820823,True
Unknown,N/A,N/A,13.127142,80.2164499,95,13.124304152566985,80.21931915666235,0.5745933219633677,True
Unknown,N/A,N/A,13.1216769,80.2149027,95,13.124304152566985,80.21931915666235,0.7282421804043443,True
Unknown,N/A,N/A,13.1181605,80.2203268,95,13.124304152566985,80.21931915666235,0.8949298626716544,True
Unknown,N/A,N/A,13.1181605,80.2203268,95,13.124304152566985,80.21931915666235,0.8949298626716544,True
Unknown,N/A,N/A,13.12604042414016,80.2193146704082,95,13.124304152566985,80.21931915666235,0.24971315229426147,True
Unknown,N/A,N/A,13.124460956364471,80.21259061299808,95,13.124304152566985,80.21931915666235,0.9487210222269126,True
Unknown,N/A,N/A,13.12678280132089,80.22509880377562,95,13.124304152566985,80.21931915666235,0.8892716184220543,True
Unknown,N/A,N/A,13.1226004,80.22463739999999,95,13.124304152566985,80.21931915666235,0.7886907026919626,True
Unknown,N/A,N/A,13.1232845,80.2228044,95,13.124304152566985,80.21931915666235,0.5126999717992253,True
Unknown,N/A,N/A,13.12340772443285,80.22280361639336,95,13.124304152566985,80.21931915666235,0.5078078886302869,True
Unknown,N/A,N/A,13.123367489919223,80.22285447821032,95,13.124304152566985,80.21931915666235,0.5162254346604966,True
Unknown,N/A,N/A,13.1224507,80.218271,95,13.124304152566985,80.21931915666235,0.3047731846783621,True
Unknown,N/A,N/A,13.1295,80.2226167,95,13.124304152566985,80.21931915666235,0.880039414329775,True
Unknown,N/A,N/A,13.1181605,80.2203268,95,13.124304152566985,80.21931915666235,0.8949298626716544,True
Unknown,N/A,N/A,13.126009446815267,80.21935504667668,95,13.124304152566985,80.21931915666235,0.24530933259279877,True
Unknown,N/A,N/A,13.1236478,80.22298669999999,95,13.124304152566985,80.21931915666235,0.5255239346736912,True
Unknown,N/A,N/A,13.123291930336295,80.22285739415928,95,13.124304152566985,80.21931915666235,0.5195618767261062,True
Unknown,N/A,N/A,13.128227613604462,80.21558812778643,95,13.124304152566985,80.21931915666235,0.7713623830277059,True
Unknown,N/A,N/A,13.1181605,80.2203268,95,13.124304152566985,80.21931915666235,0.8949298626716544,True
Unknown,N/A,N/A,13.120907448272446,80.22295973700973,95,13.124304152566985,80.21931915666235,0.7085205805462662,True
Unknown,N/A,N/A,13.123633371309609,80.22339047579348,95,13.124304152566985,80.21931915666235,0.5819446656470869,True
Unknown,N/A,N/A,13.123275833786758,80.22294372435563,95,13.124304152566985,80.21931915666235,0.5318935192247551,True
Unknown,N/A,N/A,13.1181605,80.2203268,95,13.124304152566985,80.21931915666235,0.8949298626716544,True
Unknown,N/A,N/A,13.1218337,80.2249642,95,13.124304152566985,80.21931915666235,0.8714483684092608,True
Unknown,N/A,N/A,13.1289205,80.2157575,95,13.124304152566985,80.21931915666235,0.8323759063478627,True
Unknown,N/A,N/A,13.127367892967678,80.21729183017024,95,13.124304152566985,80.21931915666235,0.5251849772647894,True
Unknown,N/A,N/A,13.07574889972749,80.26822462855442,96,13.074878664057623,80.26309178604214,0.7344100407332077,True
Unknown,N/A,N/A,13.081058476513144,80.26587605495602,96,13.074878664057623,80.26309178604214,0.9716102463895957,True
Unknown,N/A,N/A,13.0767304,80.26910079999999,96,13.074878664057623,80.26309178604214,0.8880672095401948,True
Unknown,N/A,N/A,13.0743539,80.2565183,96,13.074878664057623,80.26309178604214,0.9298501151544812,True
Unknown,N/A,N/A,13.074430193190748,80.26544674469973,96,13.074878664057623,80.26309178604214,0.33822758908004197,True
Unknown,N/A,N/A,13.0752459,80.269791,96,13.074878664057623,80.26309178604214,0.9459821828248379,True
Unknown,N/A,N/A,13.072088905112585,80.26411150236818,96,13.074878664057623,80.26309178604214,0.42620457420001057,True
Unknown,N/A,N/A,13.024732964442231,79.67755377558419,97,13.019237439895313,79.6766202760113,0.8012533689561181,True
Unknown,N/A,N/A,13.013741915348398,79.67568677643843,97,13.019237439895313,79.6766202760113,0.8012535158320362,True
Unknown,N/A,N/A,12.9776691,80.1820987,98,12.979720005237493,80.18538183726761,0.5490234823220216,True
Unknown,N/A,N/A,12.978919868451518,80.18995513374485,98,12.979720005237493,80.18538183726761,0.6552107277068433,True
Unknown,N/A,N/A,12.981521525661078,80.18563908554688,98,12.979720005237493,80.18538183726761,0.2616217291402083,True
Unknown,N/A,N/A,12.9761394,80.18305529999999,98,12.979720005237493,80.18538183726761,0.610623246911474,True
Unknown,N/A,N/A,12.9761394,80.18305529999999,98,12.979720005237493,80.18538183726761,0.610623246911474,True
Unknown,N/A,N/A,12.980328779480056,80.18280952005837,98,12.979720005237493,80.18538183726761,0.3732183024715761,True
Unknown,N/A,N/A,12.978243435860549,80.1785153332587,98,12.979720005237493,80.18538183726761,0.9914748485755744,True
Unknown,N/A,N/A,12.98224564903262,80.18989802614827,98,12.979720005237493,80.18538183726761,0.7332587011498866,True
Unknown,N/A,N/A,12.9813324,80.1865331,98,12.979720005237493,80.18538183726761,0.2830909056685635,True
Unknown,N/A,N/A,13.0591582,80.2399657,99,13.055079084298645,80.24110509737476,0.6082586814512466,True
Unknown,N/A,N/A,13.052629347217506,80.24026948490472,99,13.055079084298645,80.24110509737476,0.3715002404486385,True
Unknown,N/A,N/A,13.053412,80.2461797,99,13.055079084298645,80.24110509737476,0.754618291370404,True
Unknown,N/A,N/A,13.054539369706236,80.23797728599439,99,13.055079084298645,80.24110509737476,0.44779766246494673,True
Unknown,N/A,N/A,13.0553192,80.2438066,99,13.055079084298645,80.24110509737476,0.3824712440651971,True
Unknown,N/A,N/A,13.11105234103164,80.15171539995526,100,13.108826062202157,80.15488404084722,0.5495803113986758,True
Unknown,N/A,N/A,13.110471459378497,80.1516242794695,100,13.108826062202157,80.15488404084722,0.5168753982252767,True
Unknown,N/A,N/A,13.1143212,80.15447429999999,100,13.108826062202157,80.15488404084722,0.7924233685696304,True
Unknown,N/A,N/A,13.1143212,80.15447429999999,100,13.108826062202157,80.15488404084722,0.7924233685696304,True
Unknown,N/A,N/A,13.1143212,80.15447429999999,100,13.108826062202157,80.15488404084722,0.7924233685696304,True
Unknown,N/A,N/A,13.103556,80.156609,100,13.108826062202157,80.15488404084722,0.7959965154586401,True
Unknown,N/A,N/A,13.1106165,80.15215839999999,100,13.108826062202157,80.15488404084722,0.46253500229761296,True
Unknown,N/A,N/A,13.103556,80.156609,100,13.108826062202157,80.15488404084722,0.7959965154586401,True
Unknown,N/A,N/A,13.1103367,80.1525261,100,13.108826062202157,80.15488404084722,0.39710001225617647,True
Unknown,N/A,N/A,13.110864343950112,80.15429518028405,100,13.108826062202157,80.15488404084722,0.3046738251579585,True
Unknown,N/A,N/A,13.110263759048236,80.15225059035745,100,13.108826062202157,80.15488404084722,0.42493255539580693,True
Unknown,N/A,N/A,13.112114037252637,80.15155179379032,100,13.108826062202157,80.15488404084722,0.6665353342923271,True
Unknown,N/A,N/A,13.10682724330752,80.15079934161827,100,13.108826062202157,80.15488404084722,0.6435870478766669,True
Unknown,N/A,N/A,12.9253958,80.1042154,101,12.927212522755752,80.10709216943049,0.48266471591460286,True
Unknown,N/A,N/A,12.9307167,80.1118791,101,12.927212522755752,80.10709216943049,0.8426169680684826,True
Unknown,N/A,N/A,12.9307167,80.1118791,101,12.927212522755752,80.10709216943049,0.8426169680684826,True
Unknown,N/A,N/A,12.9307167,80.1118791,101,12.927212522755752,80.10709216943049,0.8426169680684826,True
Unknown,N/A,N/A,12.9263626,80.1045279,101,12.927212522755752,80.10709216943049,0.3818388212802162,True
Unknown,N/A,N/A,12.9257075,80.10142669999999,101,12.927212522755752,80.10709216943049,0.8280279647048258,True
Unknown,N/A,N/A,12.924423607301872,80.10774246314678,101,12.927212522755752,80.10709216943049,0.41145584883248515,True
Unknown,N/A,N/A,13.00667138783284,80.24667884666029,102,13.006206502767878,80.24948463257127,0.40129916604363836,True
Unknown,N/A,N/A,13.006526,80.2471336,102,13.006206502767878,80.24948463257127,0.33472701662628285,True
Unknown,N/A,N/A,13.006399279941355,80.24641122516553,102,13.006206502767878,80.24948463257127,0.43431810286944356,True
Unknown,N/A,N/A,13.065850095444404,80.13772212902698,103,13.063467739362622,80.1441783264807,0.9726305916821277,True
Unknown,N/A,N/A,13.06148318597076,80.1450454558561,103,13.063467739362622,80.1441783264807,0.31050243303359615,True
Unknown,N/A,N/A,13.0612272,80.1489311,103,13.063467739362622,80.1441783264807,0.7435670679548495,True
Unknown,N/A,N/A,13.065553980106817,80.13779659039754,103,13.063467739362622,80.1441783264807,0.9484926160545856,True
Unknown,N/A,N/A,13.0612272,80.1489311,103,13.063467739362622,80.1441783264807,0.7435670679548495,True
Unknown,N/A,N/A,13.0612753,80.1489877,103,13.063467739362622,80.1441783264807,0.7478239292855376,True
Unknown,N/A,N/A,12.91827676283856,80.08159876441118,104,12.917387197971028,80.07653689055134,0.7254807593697047,True
Unknown,N/A,N/A,12.9149904,80.0720171,104,12.917387197971028,80.07653689055134,0.7248489631163285,True
Unknown,N/A,N/A,12.915701131074458,80.07584887147144,104,12.917387197971028,80.07653689055134,0.2611930170510661,True
Unknown,N/A,N/A,12.917984810868564,80.08100244793886,104,12.917387197971028,80.07653689055134,0.6358211242241073,True
Unknown,N/A,N/A,12.91806979762445,80.08111028283807,104,12.917387197971028,80.07653689055134,0.6526240234620798,True
Unknown,N/A,N/A,12.918597047101086,80.0778912924634,104,12.917387197971028,80.07653689055134,0.25842782365290146,True
Unknown,N/A,N/A,12.9201503,80.076847,104,12.917387197971028,80.07653689055134,0.3997867943202614,True
Unknown,N/A,N/A,12.9201503,80.076847,104,12.917387197971028,80.07653689055134,0.3997867943202614,True
Unknown,N/A,N/A,12.922910020876694,80.07715566306578,104,12.917387197971028,80.07653689055134,0.7990679515252487,True
Unknown,N/A,N/A,12.915539067192276,80.07502168958813,104,12.917387197971028,80.07653689055134,0.3410877779395492,True
Unknown,N/A,N/A,13.139483756913608,80.20613481480534,105,13.137904579807563,80.20714629943858,0.2681592033726302,True
Unknown,N/A,N/A,13.1398108,80.2058313,105,13.137904579807563,80.20714629943858,0.3309317891586973,True
Unknown,N/A,N/A,13.138109454153923,80.20366351677377,105,13.137904579807563,80.20714629943858,0.4917881504815756,True
Unknown,N/A,N/A,13.1375952,80.2080489,105,13.137904579807563,80.20714629943858,0.1347798885736648,True
Unknown,N/A,N/A,13.140159554851722,80.20829445863396,105,13.137904579807563,80.20714629943858,0.36244921063186974,True
Unknown,N/A,N/A,13.13961722706024,80.20605477203209,105,13.137904579807563,80.20714629943858,0.2904162357480353,True
Unknown,N/A,N/A,13.1398108,80.2058313,105,13.137904579807563,80.20714629943858,0.3309317891586973,True
Unknown,N/A,N/A,12.891266203865625,80.14078431517488,106,12.891159501932812,80.14091410758743,0.023892290062112645,True
Unknown,N/A,N/A,12.8910528,80.1410439,106,12.891159501932812,80.14091410758743,0.02389229592786852,True
Unknown,N/A,N/A,12.9428728,80.2057423,107,12.942850850245504,80.20671750705901,0.1376012408345153,True
Unknown,N/A,N/A,12.948436042061012,80.20536099602361,107,12.942850850245504,80.20671750705901,0.8257340073862143,True
Unknown,N/A,N/A,12.938392450131383,80.2052359854366,107,12.942850850245504,80.20671750705901,0.6744012391186484,True
Unknown,N/A,N/A,13.0835547,80.2515415,108,13.081972321155309,80.24491334098626,0.9617728672773792,True
Unknown,N/A,N/A,13.0856795,80.2452474,108,13.081972321155309,80.24491334098626,0.5352445969139549,True
Unknown,N/A,N/A,13.081909039287307,80.24409693201656,108,13.081972321155309,80.24491334098626,0.11545968135018911,True
Unknown,N/A,N/A,13.085627547312887,80.25039710622617,108,13.081972321155309,80.24491334098626,0.9349147096634691,True
Unknown,N/A,N/A,13.085231881167774,80.24541749764862,108,13.081972321155309,80.24491334098626,0.4741494478862192,True
Unknown,N/A,N/A,13.0855363,80.2503463,108,13.081972321155309,80.24491334098626,0.9216377893348274,True
Unknown,N/A,N/A,13.08536652836453,80.24548626077268,108,13.081972321155309,80.24491334098626,0.4947940280395791,True
Unknown,N/A,N/A,13.08572736607085,80.2503245320824,108,13.081972321155309,80.24491334098626,0.934692073835166,True
Unknown,N/A,N/A,13.078314,80.2488511,108,13.081972321155309,80.24491334098626,0.764874013209784,True
Unknown,N/A,N/A,13.077816762105764,80.24438277612511,108,13.081972321155309,80.24491334098626,0.6023175006258423,True
Unknown,N/A,N/A,13.09846373442364,79.65567354573672,109,13.09534647055093,79.65647228084966,0.46225141320455126,True
Unknown,N/A,N/A,13.09262396133524,79.65955050691073,109,13.09534647055093,79.65647228084966,0.5844947534171187,True
Unknown,N/A,N/A,13.092565881479157,79.65962227735301,109,13.09534647055093,79.65647228084966,0.5976029052374437,True
Unknown,N/A,N/A,13.0991519,79.6558404,109,13.09534647055093,79.65647228084966,0.5545015457284422,True
Unknown,N/A,N/A,13.09252684016029,79.65960807474515,109,13.09534647055093,79.65647228084966,0.599897831056416,True
Unknown,N/A,N/A,13.09926114815454,79.65604486944697,109,13.09534647055093,79.65647228084966,0.566226790977051,True
Unknown,N/A,N/A,13.09919866045477,79.6560620211761,109,13.09534647055093,79.65647228084966,0.5570353707746379,True
Unknown,N/A,N/A,13.099166621565494,79.65600087161475,109,13.09534647055093,79.65647228084966,0.5534215238374005,True
Unknown,N/A,N/A,13.099183804444376,79.65596959831852,109,13.09534647055093,79.65647228084966,0.5564192745056867,True
Unknown,N/A,N/A,13.0991519,79.6558404,109,13.09534647055093,79.65647228084966,0.5545015457284422,True
Unknown,N/A,N/A,13.0621994,80.1754962,110,13.06765685536074,80.17909615110354,0.9347106529284572,True
Unknown,N/A,N/A,13.066772761375274,80.17748813779258,110,13.06765685536074,80.17909615110354,0.25993847146904653,True
Unknown,N/A,N/A,13.0627489,80.18225369999999,110,13.06765685536074,80.17909615110354,0.8345302655989338,True
Unknown,N/A,N/A,13.069329391925944,80.18114488243332,110,13.06765685536074,80.17909615110354,0.3758965060253392,True
Unknown,N/A,N/A,13.069762,80.181714,110,13.06765685536074,80.17909615110354,0.4773840823784314,True
Unknown,N/A,N/A,13.069421475003365,80.18118850478348,110,13.06765685536074,80.17909615110354,0.3891474757798422,True
Unknown,N/A,N/A,13.069414781565678,80.18116833390484,110,13.06765685536074,80.17909615110354,0.38636539711589474,True
Unknown,N/A,N/A,13.063063063063064,80.18309584928826,110,13.06765685536074,80.17909615110354,0.8686290546922345,True
Unknown,N/A,N/A,13.0638935,80.17371229999999,110,13.06765685536074,80.17909615110354,0.9322867382321851,True
Unknown,N/A,N/A,13.069512402430782,80.18134385318567,110,13.06765685536074,80.17909615110354,0.41430299127094644,True
Unknown,N/A,N/A,13.06950474432552,80.18125960295771,110,13.06765685536074,80.17909615110354,0.404564771389199,True
Unknown,N/A,N/A,13.0509259,80.21205440000001,111,13.054407827184027,80.21166260079397,0.5038094815994966,True
Unknown,N/A,N/A,13.0588035,80.2117466,111,13.054407827184027,80.21166260079397,0.6322977360407612,True
Unknown,N/A,N/A,13.05405609911664,80.21143937913764,111,13.054407827184027,80.21166260079397,0.05957789657878748,True
Unknown,N/A,N/A,13.0557209,80.2111536,111,13.054407827184027,80.21166260079397,0.2020240477107191,True
Unknown,N/A,N/A,13.058637071749043,80.21145770905052,111,13.054407827184027,80.21166260079397,0.6089367194933142,True
Unknown,N/A,N/A,13.0578511,80.2139133,111,13.054407827184027,80.21166260079397,0.5881693314637658,True
Unknown,N/A,N/A,13.0557209,80.2111536,111,13.054407827184027,80.21166260079397,0.2020240477107191,True
Unknown,N/A,N/A,13.05467854117998,80.21139800298363,111,13.054407827184027,80.21166260079397,0.05392368022003269,True
Unknown,N/A,N/A,13.058654069682795,80.21146120134217,111,13.054407827184027,80.21166260079397,0.6113555555868531,True
Unknown,N/A,N/A,13.056847280021774,80.21725257744218,111,13.054407827184027,80.21166260079397,0.862738368984246,True
Unknown,N/A,N/A,13.0527579,80.2180858,111,13.054407827184027,80.21166260079397,0.9362406073405226,True
Unknown,N/A,N/A,13.0557209,80.2111536,111,13.054407827184027,80.21166260079397,0.2020240477107191,True
Unknown,N/A,N/A,13.04873105869959,80.08581299934899,112,13.050004875326739,80.09239380813096,0.9458209758843337,True
Unknown,N/A,N/A,13.050138200858813,80.09928449001815,112,13.050004875326739,80.09239380813096,0.9717881287697336,True
Unknown,N/A,N/A,13.049145937555403,80.08788027672664,112,13.050004875326739,80.09239380813096,0.648295941982753,True
Unknown,N/A,N/A,13.0505597,80.09612059999999,112,13.050004875326739,80.09239380813096,0.5315080489257282,True
Unknown,N/A,N/A,13.050381454308592,80.09930935506857,112,13.050004875326739,80.09239380813096,0.9766073974207964,True
Unknown,N/A,N/A,13.048922228377542,80.0874397005399,112,13.050004875326739,80.09239380813096,0.7156834075656179,True
Unknown,N/A,N/A,13.050471649184066,80.09336116477657,112,13.050004875326739,80.09239380813096,0.15202408879993742,True
Unknown,N/A,N/A,13.0514071,80.0945214,112,13.050004875326739,80.09239380813096,0.36147787592581176,True
Unknown,N/A,N/A,13.048865763682558,80.08719581045685,112,13.050004875326739,80.09239380813096,0.7510156908060932,True
Unknown,N/A,N/A,13.048919817618335,80.08829601388157,112,13.050004875326739,80.09239380813096,0.5985007428258216,True
Unknown,N/A,N/A,13.0489683,80.08913299999999,112,13.050004875326739,80.09239380813096,0.48334627505237904,True
Unknown,N/A,N/A,13.049035026184342,80.08762702381239,112,13.050004875326739,80.09239380813096,0.6864476361403742,True
Unknown,N/A,N/A,13.049389246437284,80.08934473878757,112,13.050004875326739,80.09239380813096,0.4389474730454324,True
Unknown,N/A,N/A,13.0498229,80.09327979999999,112,13.050004875326739,80.09239380813096,0.12763858684426083,True
Unknown,N/A,N/A,13.050420977166125,80.09330519197385,112,13.050004875326739,80.09239380813096,0.1417577795296881,True
Unknown,N/A,N/A,13.0495193,80.08848669999999,112,13.050004875326739,80.09239380813096,0.5553188557149941,True
Unknown,N/A,N/A,13.032059456913998,80.16370873652129,113,13.031368620696746,80.16387028309833,0.10193407570885023,True
Unknown,N/A,N/A,13.0324123,80.1640371,113,13.031368620696746,80.16387028309833,0.15193398005255734,True
Unknown,N/A,N/A,13.032447779998389,80.15951629689032,113,13.031368620696746,80.16387028309833,0.6332783158891655,True
Unknown,N/A,N/A,13.03236131155129,80.16426325225268,113,13.031368620696746,80.16387028309833,0.1531455974006738,True
Unknown,N/A,N/A,13.0321127,80.1633548,113,13.031368620696746,80.16387028309833,0.12936628609973444,True
Unknown,N/A,N/A,13.032002077029263,80.16339730231319,113,13.031368620696746,80.16387028309833,0.11290814516819792,True
Unknown,N/A,N/A,13.032038684412552,80.16363143185343,113,13.031368620696746,80.16387028309833,0.102084790588092,True
Unknown,N/A,N/A,13.0340466851093,80.16011760811357,113,13.031368620696746,80.16387028309833,0.6544995121289577,True
Unknown,N/A,N/A,13.029216942786183,80.16866250256446,113,13.031368620696746,80.16387028309833,0.7432502749866462,True
Unknown,N/A,N/A,13.0329301,80.159773,113,13.031368620696746,80.16387028309833,0.6198759845891005,True
Unknown,N/A,N/A,13.0323486,80.1640757,113,13.031368620696746,80.16387028309833,0.1438864156500401,True
Unknown,N/A,N/A,13.0324123,80.1640371,113,13.031368620696746,80.16387028309833,0.15193398005255734,True
Unknown,N/A,N/A,13.031199072821636,80.16429582274097,113,13.031368620696746,80.16387028309833,0.06477164922260441,True
Unknown,N/A,N/A,13.0324123,80.1640371,113,13.031368620696746,80.16387028309833,0.15193398005255734,True
Unknown,N/A,N/A,12.957537424766832,80.12547247562675,114,12.955598838216172,80.12879838399013,0.5457291135817008,True
Unknown,N/A,N/A,12.9514818,80.131906,114,12.955598838216172,80.12879838399013,0.736710743211301,True
Unknown,N/A,N/A,12.95859991032638,80.1290406557917,114,12.955598838216172,80.12879838399013,0.4329624204443689,True
Unknown,N/A,N/A,12.957516968243368,80.12521772198214,114,12.955598838216172,80.12879838399013,0.5754960095220046,True
Unknown,N/A,N/A,12.95746482922851,80.12532024772571,114,12.955598838216172,80.12879838399013,0.559209752334319,True
Unknown,N/A,N/A,12.957480673164287,80.12330997079466,114,12.955598838216172,80.12879838399013,0.820110790406606,True
Unknown,N/A,N/A,12.9517702,80.1332232,114,12.955598838216172,80.12879838399013,0.8323195316978346,True
Unknown,N/A,N/A,13.136475951436015,80.23103934638506,115,13.142815207220565,80.23385417028754,0.9943058756397428,True
Unknown,N/A,N/A,13.1449235,80.23279769999999,115,13.142815207220565,80.23385417028754,0.3378080405243645,True
Unknown,N/A,N/A,13.1418469,80.23699719999999,115,13.142815207220565,80.23385417028754,0.4643817276022073,True
Unknown,N/A,N/A,13.145454837900845,80.23233698174762,115,13.142815207220565,80.23385417028754,0.4357206303919631,True
Unknown,N/A,N/A,13.144961976717626,80.23965699189608,115,13.142815207220565,80.23385417028754,0.8742344700076449,True
Unknown,N/A,N/A,13.020782999496094,80.18373816542051,116,13.02525386449857,80.18496921383118,0.6660215448393295,True
Unknown,N/A,N/A,13.020524,80.184243,116,13.02525386449857,80.18496921383118,0.687913986062412,True
Unknown,N/A,N/A,13.023352606556577,80.18512636752202,116,13.02525386449857,80.18496921383118,0.274335304915984,True
Unknown,N/A,N/A,13.0294998,80.1860767,116,13.02525386449857,80.18496921383118,0.6303041090058586,True
Unknown,N/A,N/A,13.028648338933012,80.18633090536908,116,13.02525386449857,80.18496921383118,0.5245986304523069,True
Unknown,N/A,N/A,13.039602241971645,80.1305070651302,117,13.03813953452656,80.13404046917556,0.5408291689829903,True
Unknown,N/A,N/A,13.042865093536776,80.1315544239837,117,13.03813953452656,80.13404046917556,0.7647110177153253,True
Unknown,N/A,N/A,13.033178029530648,80.13513665625835,117,13.03813953452656,80.13404046917556,0.7301138220945258,True
Unknown,N/A,N/A,13.03831817902455,80.1339840247752,117,13.03813953452656,80.13404046917556,0.026897227156258776,True
Unknown,N/A,N/A,13.038898405001346,80.1329161625648,117,13.03813953452656,80.13404046917556,0.1924723134216348,True
Unknown,N/A,N/A,13.039329298824711,80.13173997104516,117,13.03813953452656,80.13404046917556,0.366752933119885,True
Unknown,N/A,N/A,13.037387620189476,80.1372351460502,117,13.03813953452656,80.13404046917556,0.4632757765509328,True
Unknown,N/A,N/A,13.038673590515812,80.13371263519217,117,13.03813953452656,80.13404046917556,0.08964615208637765,True
Unknown,N/A,N/A,13.038339034237234,80.13436506758215,117,13.03813953452656,80.13404046917556,0.05402066997168784,True
Unknown,N/A,N/A,13.039390682126395,80.13150717058527,117,13.03813953452656,80.13404046917556,0.3999771752182478,True
Unknown,N/A,N/A,13.0346208,80.1327951,117,13.03813953452656,80.13404046917556,0.5356676480027452,True
Unknown,N/A,N/A,13.038657685436082,80.13359493900393,117,13.03813953452656,80.13404046917556,0.0974684540197382,True
Unknown,N/A,N/A,13.0378524,80.1350401,117,13.03813953452656,80.13404046917556,0.14688127685907054,True
Unknown,N/A,N/A,13.11332448091087,80.23611975339391,118,13.115350512891446,80.23762036865803,0.3600730483764113,True
Unknown,N/A,N/A,13.114505492050371,80.24394121008066,118,13.115350512891446,80.23762036865803,0.8992675006248821,True
Unknown,N/A,N/A,13.118550248803066,80.23897847494415,118,13.115350512891446,80.23762036865803,0.4984221865770917,True
Unknown,N/A,N/A,13.11189906557248,80.23825635650083,118,13.115350512891446,80.23762036865803,0.5044212891083791,True
Unknown,N/A,N/A,13.113549707533735,80.23558772287802,118,13.115350512891446,80.23762036865803,0.38623628564720436,True
Unknown,N/A,N/A,13.116334293357232,80.24261420253745,118,13.115350512891446,80.23762036865803,0.7180313715475567,True
Unknown,N/A,N/A,13.119880954274194,80.23245575288402,118,13.115350512891446,80.23762036865803,0.9770172972843987,True
Unknown,N/A,N/A,13.116380961069645,80.24260259468457,118,13.115350512891446,80.23762036865803,0.7177828447096911,True
Unknown,N/A,N/A,13.11372056622475,80.23534845248432,118,13.115350512891446,80.23762036865803,0.3968880836601423,True
Unknown,N/A,N/A,13.119925875832696,80.2324033685956,118,13.115350512891446,80.23762036865803,0.9868282384414501,True
Unknown,N/A,N/A,13.113863209068295,80.23525233491281,118,13.115350512891446,80.23762036865803,0.39646543851152866,True
Unknown,N/A,N/A,13.1122713,80.2378842,118,13.115350512891446,80.23762036865803,0.44441407428258584,True
