cluster_number,cluster_lat,cluster_long,num_students,user_ids
1,12.805026536336756,79.71003313832418,6,"6600,4662,6592,5812,6854,6253"
2,13.114413439999998,80.15545184,5,"8068,7735,5893,3464,7471"
3,13.066433634417415,79.67202544858301,4,"7819,6379,7308,2858"
4,12.989552280866848,79.67641991865611,2,"5357,299"
5,13.085259510701263,80.24795505263826,13,"2319,1199,7959,853,4603,2378,2497,4604,7921,6852,4320,257,7792"
6,13.103361141545253,80.20423150656602,17,"2355,6867,3999,467,7863,1041,4467,7597,3473,4558,3765,6511,4088,1847,3557,3538,192"
7,13.129723052634256,80.15801458739413,24,"7741,486,199,2228,3396,448,6350,5599,5912,2707,2051,3011,5740,6135,4940,1241,6672,4468,5554,7995,6225,3126,3355,3105"
8,13.029543784953441,80.21722646793172,13,"7739,1420,2506,5319,4246,437,3483,3543,3199,3079,7524,2546,5548"
9,13.117343708075168,80.28336956729238,3,"8101,2593,332"
10,13.067190791344425,80.22859747390729,9,"2548,7387,1049,4753,7965,7908,4324,5157,3614"
11,12.973533023916188,80.21366842257484,1,1839
12,13.060749309301597,80.16309797437077,7,"198,1492,5093,4202,5962,3516,5775"
13,13.088121140414547,80.26036768609296,8,"1845,3371,6710,312,6682,2631,4937,3911"
14,13.13217075463802,80.17040397366685,12,"3586,3072,3628,6344,8013,3017,8000,4617,5836,6765,7369,614"
15,13.119385914795906,80.08464239770024,8,"4229,4253,1450,7077,2222,7106,5605,5293"
16,13.01992968324816,80.18483706800238,3,"2371,4045,3536"
17,13.113456447602438,80.22545713363317,16,"5578,1937,4516,5313,253,2838,4154,1197,6523,3346,5173,3157,1093,5790,5040,3440"
18,13.079314214305922,80.22671544133593,7,"1805,5679,736,169,7152,6501,5282"
19,13.043561606581148,80.18374710154629,16,"7595,7443,384,789,861,5701,5728,2763,733,743,1605,474,5552,4099,316,338"
20,13.074705775226672,80.17387543054002,1,2794
21,13.11653445275311,80.19834711001434,4,"7202,3565,4122,2542"
22,13.12066985745704,80.2063072691357,27,"3257,3967,7951,3949,3866,2674,842,1239,717,7534,724,4043,323,6039,6100,4463,7404,6248,5196,3632,1182,7559,2326,7295,3561,5301,3830"
23,12.916312877547904,80.18878625742441,3,"4344,6980,3936"
24,13.076450752692288,80.20780364482567,9,"2711,4008,651,4708,7869,3224,4559,3772,1546"
25,12.905471882711769,80.09420209937271,7,"2340,6872,539,4979,6986,3633,956"
26,13.107518341425097,79.9108696094899,6,"7135,5523,6729,4831,6408,2360"
27,13.07995290465909,80.18054202858845,33,"1954,5688,1186,3212,4208,6544,4275,4863,1379,5699,3828,6096,5829,1207,2353,4110,6746,7763,3098,378,137,2874,5953,4166,3024,5330,88,176,944,7957,5588,723,7233"
28,12.682856455849336,79.98080188133129,10,"7833,5429,5459,315,7812,4233,5145,5746,4116,5418"
29,12.983893356487568,80.26739506217696,1,2259
30,13.031147137599286,80.2663376805078,3,"3268,2011,4552"
31,13.117846307318771,80.21688617664752,12,"2279,4944,2625,7688,5664,4786,4424,484,6193,7487,3123,2462"
32,12.965386603480368,80.17559757467875,2,"3826,6414"
33,13.120269614295589,80.23360926211492,6,"4262,7581,6073,5520,3611,1983"
34,13.097990436023634,80.2358150879406,9,"6099,6465,8045,6137,305,1061,1217,3465,1378"
35,13.118198585126711,80.09677393275213,18,"5277,6205,8029,758,7666,132,7273,7319,869,2689,3698,5556,3955,4912,5010,5801,2201,6046"
36,13.040853539294542,80.17292754780283,19,"4609,314,6656,6555,2241,7926,5777,4654,7562,1062,2447,3190,906,3784,2870,3143,1979,7084,8014"
37,13.3864454865324,80.21835189409516,1,3413
38,13.044415926490634,80.23268531077552,1,3750
39,13.136128366666668,79.91911846666666,3,"223,4811,777"
40,12.8101456,80.2039885,1,2994
41,13.121613930982697,80.14784491409868,34,"4571,7759,3890,6841,7371,2412,7509,7300,7057,1468,1508,108,4414,5493,2182,7450,7511,3863,22,7447,6238,278,6909,3316,2005,4570,669,4901,5710,3606,5586,4270,7224,701"
42,13.055966359359257,80.17216682811389,2,"5657,478"
43,13.299523278046967,80.15527064464541,5,"6186,6216,5515,3815,459"
44,12.954597585949896,80.15747921201644,3,"5629,7611,5982"
45,13.046303080138713,80.13772108912308,3,"5632,2136,7685"
46,13.0466012,80.1805655,1,5625
47,13.061121222813142,80.14389317634402,1,1946
48,13.039112643203113,80.13207508263082,39,"2456,7985,7638,3393,1849,5315,6896,6050,4395,6357,6500,6364,7705,3692,57,6419,6468,6847,2258,7086,7049,1143,6340,7798,2264,7043,7039,5001,3161,7800,5102,7977,8037,6377,7257,2627,7651,7419,5755"
49,12.963415015231105,79.9458686573265,1,1696
50,13.149316090256406,80.29871977776654,9,"1483,1472,4790,3381,151,7108,3922,3103,5240"
51,13.105015448170125,80.27838683541562,10,"6753,4364,6630,2305,5789,760,3683,2585,1357,4307"
52,13.145279663195089,79.8974943823471,3,"5873,5689,5424"
53,13.098194486972801,80.14746457276608,16,"7678,2281,7528,3092,1931,2908,7094,4479,3653,5171,5167,3754,6202,7104,7408,6288"
54,12.922858741311126,80.13539974266308,11,"7769,1461,5742,7138,442,6026,6558,3114,7116,4158,7344"
55,12.936478313518103,80.1274347060014,3,"7315,6649,5627"
56,13.128135888064755,80.12596385216065,17,"7837,7932,628,4137,6268,6775,146,1573,5859,3545,2547,2078,2253,3929,7424,7974,4522"
57,13.113948946340633,80.28297105334626,12,"7756,7455,3391,6931,2154,1385,5324,564,5670,3438,5640,5891"
58,12.927120098270196,80.12681210174947,7,"7684,943,7348,4715,6569,6602,398"
59,12.963623580275465,80.2029525599411,8,"3869,6078,4328,1139,4078,8031,1782,7928"
60,13.055253607622934,80.19371179915179,14,"3311,6250,6164,2441,30,193,6585,6292,716,2524,4120,6392,3964,4710"
61,12.910819008472572,80.15529997574399,6,"4385,2951,1530,7918,7947,1246"
62,12.935016372842224,80.12479604017395,4,"6675,6671,6678,7816"
63,13.082453767288506,80.16971591919362,27,"2884,4854,5648,1484,4419,6588,2657,7636,618,1208,1429,2385,2160,4044,725,3685,927,5802,7486,7467,5749,895,2102,7992,3998,805,679"
64,13.184742858144185,80.31230111715128,3,"3325,4218,3115"
65,13.037657983651178,80.17781930370484,2,"2549,222"
66,12.831715999045086,79.69862022014148,6,"4023,2422,5327,2531,6831,7219"
67,13.029915017679187,80.2241913957187,6,"2663,4593,1691,6560,427,3099"
68,13.152417583003682,80.22866985116018,6,"8012,3259,3209,3356,2323,637"
69,13.195129388068084,80.1675887474978,1,4471
70,13.058454378771168,80.21244513822813,9,"5874,5366,5850,3798,3957,2599,3307,3203,704"
71,13.12897497652554,79.98864848062699,1,6696
72,13.337141421563246,80.19441639211873,2,"6182,3181"
73,13.095503063360303,80.29272876537632,5,"5693,1732,6572,5402,3862"
74,13.113627201854623,80.29233754163228,13,"816,625,4392,574,867,2898,5612,2362,4412,3106,3479,3133,7641"
75,13.148415165532302,80.20216767127599,4,"2580,429,82,6528"
76,13.126202701319546,80.28919781524128,11,"5239,7912,2833,7617,693,6979,1457,1360,1339,7640,5925"
77,13.063431496838627,80.17205265339722,6,"3965,6860,6098,300,1365,6757"
78,12.798670073129388,80.02410110411749,4,"6966,6912,6934,7516"
79,13.027556582526927,80.27533963378565,6,"2761,2754,1147,7748,5787,5576"
80,12.998000303131352,80.09639224908975,11,"1255,1245,4417,4384,7412,2343,116,827,5131,5667,7867"
81,13.1259402,80.1173524,1,3450
82,13.021350390556348,80.14813391302152,7,"3952,4773,4429,5577,4674,4108,5099"
83,12.79020326116541,80.0358197177236,2,"3619,6536"
84,12.693506917094744,79.97783292315262,6,"500,7476,6102,6198,3031,4629"
85,12.96982323243388,80.14402622056329,14,"3804,879,1073,1016,924,400,7945,7206,7285,421,2218,3909,4539,468"
86,12.974861383037817,79.95493211722841,3,"5296,4031,6389"
87,13.046374138365298,80.0789626150882,5,"5408,849,4660,6375,5861"
88,13.055731581987578,80.06223116667472,4,"4035,2064,7913,2327"
89,13.03522408548162,80.19142955311872,7,"2435,7302,1444,5388,6152,388,7830"
90,13.044511140793633,80.12197677687396,1,2518
91,13.043962349789634,80.14699585978641,2,"2812,8047"
92,13.079680430937866,80.16406589329452,13,"877,8044,7367,5985,4727,1507,4294,1502,4469,6527,2272,6017,43"
93,12.920952387087231,80.09079484797815,17,"6924,6587,6864,6868,4547,6194,2376,4862,2713,1498,4082,8027,2727,8020,7983,2699,4833"
94,13.112519478630041,80.10778795738925,11,"6002,6667,1072,1399,3327,7917,672,5374,7910,1359,4139"
95,13.085657071886583,80.1873567970145,17,"2004,5952,6772,6823,3819,5376,1475,6963,3718,7193,7160,6433,6665,7542,5750,7078,2960"
96,13.109433883436468,79.9206853495516,4,"914,3822,1900,3733"
97,13.061198531091478,80.16332217067753,2,"4864,5390"
98,13.05772053327612,80.27370622405563,28,"5091,3247,2372,327,2251,3807,6568,6339,362,3512,6466,4507,7037,7635,3484,4215,1080,6450,6376,6423,2964,5438,1068,2872,7557,7549,135,5644"
99,13.055150849463947,80.21022007331271,7,"5038,6328,5177,2724,942,1175,833"
100,13.130688369564163,80.15389162308864,1,4658
101,13.068344060887677,80.21507383835097,20,"6952,2558,2832,3878,4224,6303,3313,5300,5172,5304,7190,4892,2630,1115,4407,6301,4335,7646,3494,5381"
102,13.041857223188101,80.20448213254353,22,"5335,1437,6043,2779,2726,4036,6711,6398,7240,3753,3592,379,395,3757,1500,3731,1471,1566,605,47,2400,3997"
103,12.83795133298675,79.7045449410338,14,"2144,1820,1873,903,4713,4694,3761,5337,3659,3577,4013,83,7340,5463"
104,13.01019420128496,80.12173805365944,8,"2131,5708,7604,313,1264,7149,66,3486"
105,13.06643477149757,80.22332120925728,11,"2183,3762,3883,4248,2052,3383,2380,6393,4952,1325,5887"
106,12.922703358393314,80.15111335304977,8,"389,1057,577,1076,888,7075,2857,464"
107,13.015560991565158,80.13690361940806,4,"2586,3490,4586,2174"
108,12.836849468681503,79.71462686934427,2,"1930,5856"
109,12.97467500988806,80.25814870212648,5,"5056,3100,2738,2895,3971"
110,13.050614104444236,80.28004186921905,2,"1892,6422"
111,13.002391110304366,80.13011424663624,1,5435
112,13.091067181606073,80.18783741662862,4,"5352,7706,7967,6474"
113,13.04774682420174,80.25747301182386,4,"3621,5230,513,6556"
114,13.1555912,80.22472549999999,1,2865
115,13.123028054002127,80.22352603513202,30,"6839,4327,630,5248,233,1038,3847,1275,182,3162,1890,2556,7430,1961,3160,5416,3797,3637,3500,4406,5546,2043,2493,3813,967,2532,2045,7949,325,5573"
116,13.027679592461299,80.25695603807443,6,"1770,5187,6609,3563,3893,20"
117,13.039295881807126,80.249507918315,6,"5439,6224,3433,1863,3580,3283"
118,12.850196037054502,79.6924266341832,3,"2712,7801,3109"
119,13.1251568,80.2490782,1,3436
120,13.02920853086366,80.26401981966352,1,266
121,13.038288731564958,80.25747046835131,1,2290
122,13.121347744951949,80.26026455132474,9,"1912,2111,4931,7698,6522,5965,2923,3801,2358"
123,13.115754550000002,80.246958225,4,"2330,213,185,2984"
124,13.1286361625301,80.24169366788969,3,"5483,4177,8063"
125,12.762327119852886,80.00294533665335,3,"143,5842,3789"
126,13.097399927732676,80.26194003370361,3,"2637,4574,7166"
127,13.097583181173563,80.25614272065101,1,7569
128,12.948758109280623,80.19937366089393,1,4123
129,13.095204334862222,80.29271133962602,1,1755
130,12.948666441384807,80.19929213866703,1,1813
131,12.783797087126363,79.6771047541334,4,"1204,3554,7920,4687"
132,13.334044071605378,79.8923481997472,4,"186,170,2855,1970"
133,12.693098616017322,79.97159996056159,1,4528
134,13.44493723529331,80.00301559586737,1,7972
135,13.411103202976463,80.11823545499152,2,"3016,3629"
136,13.11051236103314,80.10937505078617,10,"6976,7395,1843,5007,7916,7353,2621,6411,4017,5563"
137,13.093054570723762,80.1250089916649,2,"6230,1011"
138,13.125114,80.295542,1,7975
139,13.13672807963477,79.90846703333041,12,"419,820,5502,7065,7287,3938,3005,2007,4026,3445,4176,7410"
140,12.940130653929517,80.1853777375603,3,"502,3974,5432"
141,13.184160134614274,80.19176643901542,1,1549
142,13.021079429218288,80.12814830735441,2,"370,746"
143,13.165570419543544,80.25232291125438,13,"1278,216,623,4199,6548,3174,3417,226,643,1305,7725,4551,7076"
144,13.0181746,80.20586488,5,"6401,6395,1797,3928,6726"
145,13.034124728622025,80.1589537987321,13,"6272,7153,6967,7644,6727,5450,2971,4427,6269,7105,4898,7676,7147"
146,13.113011602656945,80.23643576651176,11,"6981,7168,4947,7050,2723,2126,7342,7564,2118,1433,2245"
147,13.102984577082667,80.1987507538276,1,5270
148,12.957303977099034,80.18763113789942,8,"5888,310,4400,8049,4394,3615,4533,4623"
149,13.2123325,80.2717625,1,508
150,13.121505955143892,80.15638818002816,5,"1787,4867,8005,3661,260"
151,12.982632827720703,80.22232987386947,5,"5227,6311,6549,3946,6559"
152,13.022625489112869,80.2622319656867,6,"7839,5451,894,570,6159,2932"
153,13.10188713910152,80.18689793861577,7,"4683,6885,4285,6407,4090,6969,3836"
154,13.039322149999999,80.09219633333332,6,"7338,7334,7390,7376,7378,7940"
155,12.831314077994396,79.72418795269616,1,5542
156,13.117876,80.220899,1,1920
157,13.099984179905837,80.27571411958735,3,"2771,1388,4316"
158,12.809193201215356,80.0291797192938,1,6092
159,13.030413033333334,80.20777488888888,9,"123,4776,2168,7901,340,5974,640,1731,2610"
160,13.096178026869168,80.25138977718197,5,"1458,3823,1090,4920,4249"
161,13.174546898985861,80.30571795724671,5,"1906,7372,6651,319,7966"
162,12.940472431861892,80.14746005493312,20,"6685,7006,4881,3441,7446,2104,5832,8033,4436,3778,4721,7386,6431,7388,3505,5158,2158,5960,7865,3594"
163,12.979536975,80.20026644999999,4,"6297,3689,4798,526"
164,13.034461270435362,80.1335023600844,2,"5135,1398"
165,13.120607486737944,80.19991228471625,7,"4241,2301,1070,431,2342,5804,3688"
166,12.823685519223162,79.70636635236646,20,"1031,741,1528,845,1495,7657,5387,6123,7017,7030,5638,3942,6472,6490,3650,2039,2439,5748,1198,935"
167,13.033879530705043,80.25618320106797,2,"371,2179"
168,12.984656509872003,80.14104016560441,4,"2905,6958,6360,3799"
169,13.0359765163995,80.2775736865367,6,"3482,5686,2122,2127,5019,5382"
170,13.107615563680163,80.1825065980274,18,"7787,396,1410,2453,7541,4825,2880,6388,7159,7361,4922,7184,3551,3101,7176,7196,7083,7820"
171,12.974868572553921,80.12892084799397,12,"7422,7087,5531,7133,7470,3004,4174,452,1286,1812,1047,3550"
172,12.968787114152411,80.24548100500738,3,"2534,6158,3776"
173,12.9069634,80.228504,1,1409
174,12.828083766421727,79.72218237100334,1,5216
175,12.852816034872461,80.06683533002618,2,"4696,4602"
176,12.819406880790288,79.69514848739617,24,"4599,439,1467,6302,1180,5333,6790,4374,501,5380,3730,5245,7946,7205,6579,7490,3370,6266,5470,2090,6281,2474,2108,4590"
177,12.979445412868685,80.23019828701695,4,"617,3574,6396,810"
178,13.028889217648002,80.15301057030254,4,"3827,1067,4782,3532"
179,13.027949771558333,80.20933328028765,3,"4858,5784,3145"
180,13.087341892443558,80.18066036629098,5,"2029,1421,7107,7126,7427"
181,13.0852897324082,80.20882014285483,19,"4705,4173,7099,3149,5721,7530,6794,2269,1408,519,7162,3921,7053,6513,6948,7935,933,1144,1851"
182,13.061514287688663,80.24275326657329,4,"4971,4702,3640,1402"
183,12.948436042061012,80.20536099602361,1,694
184,12.921747216561448,80.18485676323174,3,"155,7532,3226"
185,12.982479475,80.12829895,4,"1342,4906,2507,2499"
186,12.831081728447842,79.70872515123813,2,"4704,7519"
187,13.119291852865075,80.24061702551853,4,"7694,5511,5073,4876"
188,13.029997670207353,80.16679255735994,6,"29,3721,6233,2129,267,6279"
189,13.15841732277,79.85436336838006,1,4592
190,12.815077356023892,79.70637805117416,7,"3791,4903,3917,1756,6482,6451,4648"
191,13.072167024490405,80.12349902257249,8,"5922,4554,1347,3117,2632,8079,5871,3119"
192,13.075443057635681,80.26895144816773,2,"5455,181"
193,12.87404688549807,79.62125972918922,1,3944
194,12.93399149577362,80.15755481037951,2,"3214,1864"
195,13.037132286966084,80.19752419085403,4,"5413,3415,5389,1120"
196,12.95712433126543,80.24025515091503,1,5858
197,12.979913500305278,80.18537542621809,14,"6155,915,6373,3480,6679,190,4193,5647,4245,69,1393,7574,7520,7392"
198,13.1076239,80.0473994,1,5393
199,12.880856761552868,80.08053944676098,1,7398
200,13.3434102,80.1895547,1,3009
201,12.86863698872429,80.07571007021453,2,"6059,6007"
202,13.116196988421972,80.16965663976907,2,"7747,2988"
203,13.085442651827368,80.19676382590382,2,"4401,6766"
204,13.045360953786888,80.18674437447675,1,2185
205,13.1380541,79.6614376,1,2916
206,13.03238682,80.16405253999999,5,"6950,1106,6798,2972,4040"
207,13.125167821575511,80.04278879775632,3,"4482,4095,3264"
208,12.8817218,80.0713071,1,6366
209,13.1315848,80.2373844,1,1243
210,12.882136047589963,80.06271558305261,1,49
211,13.061332099055312,80.14907090860898,5,"2451,7101,6545,8080,2472"
212,12.7588793,79.70072110000001,1,4332
213,12.84029825,79.718954,2,"1615,1616"
214,13.128634167720785,80.23189899657307,3,"2682,1313,7250"
215,13.006518399761465,80.24614259486678,2,"3591,7281"
216,13.100813566546421,80.1903841971455,3,"7537,1773,3122"
217,13.051904498712576,80.12390064056515,7,"5284,5722,4169,7697,3238,7615,5975"
218,13.084500733881004,80.16287826502008,1,6871
219,13.141359214658161,80.10381755562376,3,"6826,112,4032"
220,12.94346429440972,80.18610428507172,1,2619
221,13.236372234370451,79.9817909415038,1,4145
222,12.924618535586982,80.10011265759105,4,"4265,6578,2280,7942"
223,13.1107144,80.2210435,1,1966
224,12.965227612427839,80.19736406201768,11,"1268,4529,4934,7436,7600,2943,6897,1001,5536,6175,4242"
225,12.95852390663839,80.20108821376952,1,960
226,12.984375437284084,80.20546902429987,15,"3196,3178,6562,6124,4732,3206,3861,2107,1280,5368,6505,1009,6498,6093,6561"
227,13.08031528823859,80.25385966858424,3,"1225,5223,6076"
228,13.071604,80.2493904,1,220
229,12.93695625337695,80.13988748036292,6,"4885,4136,2511,6722,5048,2262"
230,12.943626084477696,80.16375339306325,2,"4518,3649"
231,12.9534824,80.1559735,1,4861
232,13.068731259880975,80.1816454864968,7,"1620,6199,7780,7852,6915,3175,4752"
233,13.049279240228708,80.08784706827923,5,"7501,7612,3986,5101,3907"
234,13.137389253815066,80.22883385104602,3,"2275,7034,1619"
235,13.03089454406909,80.17983040862616,4,"306,7421,5023,2962"
236,13.086878066821855,80.22490640391447,9,"1160,4325,4597,1169,1960,682,3639,3164,4148"
237,13.098085733780731,79.65670752002835,15,"5372,3867,2935,1345,1127,1282,1990,7853,1981,4157,7420,7905,4868,2730,6210"
238,13.08757302210384,80.12535906570868,3,"1576,3709,7969"
239,13.1026469,80.20826985,2,"7653,4595"
240,13.101215064232674,80.13730951124317,6,"6866,2829,2907,3559,4168,3280"
241,13.144228127762586,80.19363333578232,1,2613
242,12.663904654147634,79.54148599777469,5,"7218,7210,3067,7368,3304"
243,12.81954158281616,79.72206866287465,8,"4779,7982,7132,3088,4967,5113,4621,1766"
244,12.949013746249873,80.1845791350257,4,"1996,5090,2424,5763"
245,13.0935356,80.24459795,2,"1064,471"
246,13.110694728528662,80.15160643716122,5,"715,5384,1123,4763,7484"
247,12.85982943722461,80.07173038880812,6,"156,6750,2852,6870,7435,6506"
248,13.138010938964477,80.20558568247499,8,"3467,1650,4513,495,461,6097,7701,2598"
249,13.150827236669182,80.06614650382623,3,"1752,3073,1166"
250,13.0537519,80.22798949999999,2,"483,4514"
251,13.087789383193343,80.10890914544106,20,"5533,1172,3812,3025,953,5715,4670,7510,2777,2015,6855,3599,4891,537,3856,7175,2,3871,1652,4494"
252,13.05820567458088,80.23726195200707,1,4962
253,13.067982495981548,80.13795871021269,2,"3596,6084"
254,13.133693874173286,80.25801542385253,10,"5683,4028,4682,740,5725,4963,7639,1779,5653,784"
255,13.008904766666667,80.00472646666667,3,"4418,7654,7667"
256,12.844732571061037,79.69768189490458,8,"4679,7936,4366,4369,3814,7264,5166,6196"
257,13.099661633333334,80.21816893333333,3,"4194,6954,3675"
258,13.087142378405373,80.19287612034952,18,"6420,1303,5055,2249,7072,4319,3881,6086,4692,4691,4703,6906,6234,3788,6918,1821,5568,3882"
259,12.818532975952039,79.73125068887894,5,"8002,4170,4778,4661,2445"
260,12.94597919831037,80.14446187108611,1,2696
261,12.976089659716754,80.21974754557627,3,"2703,1860,4722"
262,13.006598391530328,80.24601655635374,1,2720
263,13.1261096,80.2491749,1,5234
264,13.047319487521431,80.11286396479551,9,"214,7214,1681,6280,7715,107,6215,8003,7732"
265,13.025768473653544,80.17496857395363,3,"6204,6853,3040"
266,13.203955579974107,80.1755315944323,4,"6616,4306,4440,6141"
267,13.1519315,80.0802047,1,6760
268,13.167542045601262,80.200923259067,2,"6782,279"
269,13.105834387631196,80.21395017010494,3,"6838,3562,5344"
270,12.671419595574836,79.53722861115722,2,"1454,5628"
271,13.02952399303062,80.22958532464553,3,"2235,490,3568"
272,13.1417175,80.1416732,1,4501
273,13.26239210837736,80.155192190452,1,462
274,12.847536867999857,79.70503421001075,2,"673,7844"
275,13.181865515215529,79.61226082419867,5,"6742,3728,4015,6819,4664"
276,13.0529400437941,80.23725131935255,7,"2329,2807,648,2873,2787,383,3549"
277,13.220193883110731,80.32007279092606,1,6707
278,13.107873310696055,79.9379631828355,1,4279
279,13.028190944484285,80.15109506470945,3,"3144,689,6859"
280,13.12450643301796,79.91169424371547,13,"4009,2103,4439,6922,5597,5684,5121,6985,2019,4349,6582,4887,3129"
281,13.063562906316756,80.15214922178139,7,"5488,2354,2167,5984,215,6652,5086"
282,12.88040753853253,80.0800653494518,1,6146
283,12.90108798685761,79.46049749681943,5,"735,4615,3296,70,680"
284,12.8623509,80.03637660000001,1,5862
285,13.09629037665538,80.21955843194044,1,4496
286,12.996551396311725,80.10788173721532,3,"3918,3810,2961"
287,12.92161442521031,80.19676463242695,7,"5255,5306,7774,3885,908,6168,1580"
288,13.3425842,80.2209773,4,"3204,7235,2856,3605"
289,12.91696247775535,80.06191259745748,1,7989
290,13.090066320650081,80.22874622884933,4,"5643,3172,7522,6539"
291,12.677494532275288,79.97948507367904,3,"661,3210,5271"
292,13.102971417234494,80.25294177815047,5,"1541,920,1651,4736,7337"
293,12.906065417513751,80.0957481947684,3,"3851,5849,1883"
294,13.096756534660944,80.24593693926874,2,"2387,2732"
295,12.923248603042676,80.16036873885135,5,"699,5151,1585,1356,1609"
296,13.163096194604071,80.29874048695365,6,"423,5936,609,3477,7174,7551"
297,13.050264072431178,80.09243760019217,9,"4322,5447,7750,3888,4124,4121,5425,5436,7744"
298,13.073500482930468,79.66960291280556,6,"285,4222,1536,6069,2533,7554"
299,13.098861702179518,80.13357590388081,3,"4949,1493,1489"
300,12.9726132,80.1995053,2,"765,7755"
301,13.130429360506756,80.1329474999015,30,"5994,2390,6944,3809,7024,6136,6384,7671,5944,7731,2851,4480,7244,1749,1628,3116,110,7265,6265,3086,1082,6255,642,2113,7299,7296,7645,2072,1316,4966"
302,13.125991211145957,79.64252682724512,1,7893
303,13.0021286,80.2004924,1,6456
304,13.0342004,80.16497629999999,1,7927
305,12.984505534445113,80.25781333628514,2,"2309,1401"
306,13.111052562163598,80.21397801126173,1,3682
307,13.038067423077713,80.26980898703265,2,"5845,2162"
308,13.16498008352244,80.22991568832734,1,2227
309,12.968362075216714,80.26184573511112,2,"208,2307"
310,13.043152829321235,80.19267724863978,7,"7260,7703,6080,174,6869,1486,80"
311,13.06826556475337,80.24350289284867,1,7245
312,13.167031862987464,80.304204849989,6,"4416,6888,6254,3634,3896,7439"
313,12.976640694133001,80.22147183710918,5,"5183,4165,2240,3333,1512"
314,13.09247278931281,80.2103844857397,2,"6751,7085"
315,12.811553666584327,79.75308845279626,1,3358
316,13.153558859201002,79.89132785274674,2,"3504,1184"
317,12.990687526112898,80.19814896866589,4,"5972,1936,6467,5705"
318,13.007252707355534,80.19698945991777,2,"1309,4487"
319,12.916840077226203,80.07737737715442,6,"592,1136,990,2491,695,7239"
320,13.111005800000001,79.9107439,2,"1382,4474"
321,13.1534666,80.0641443,1,6745
322,13.124844825086843,80.0245084161043,4,"4837,3841,5474,5261"
323,13.0446825,80.24803290000001,1,5125
324,13.106371633599705,79.64691578909554,2,"6830,1164"
325,12.973683811701282,80.18315265747876,7,"1167,2224,5336,4104,7736,1321,4081"
326,13.074053640418889,80.18619964231263,2,"1721,75"
327,12.804557983972984,79.76735505495958,6,"1149,3792,6970,2367,3361,4379"
328,13.10002595,80.22679514999999,2,"7495,6640"
329,13.126113463503044,80.00522258681468,2,"7292,7607"
330,13.02258185,80.22570247499999,4,"5106,5127,7924,5013"
331,13.126963608282226,80.21713634801675,4,"6362,5257,6515,1219"
332,12.981270308905811,80.24257341249776,2,"426,2223"
333,13.08751385949688,79.66733738604333,5,"4333,5430,685,5209,1604"
334,13.125883531445542,80.19797739655402,2,"5031,4472"
335,12.917276185033266,80.17661601558707,3,"6624,5883,887"
336,13.111385,79.9835195,1,7553
337,12.993793802855004,80.11137056840768,1,5287
338,12.93146195573607,80.18169661682415,2,"2046,8081"
339,13.140159554851722,80.20829445863396,1,3669
340,13.204178,80.17539699999999,1,5210
341,13.04199453958674,80.22358219661724,13,"5364,1919,870,5969,3991,1043,4363,4370,4383,4112,2442,4079,7208"
342,12.951867807922083,80.14084708196539,3,"3229,5519,2128"
343,13.146056010086568,80.24207007778651,7,"3656,4287,5322,99,4542,115,2694"
344,13.078237433704723,80.17121710468642,1,351
345,13.071378084698194,80.18628804542077,2,"3796,2494"
346,13.099212804348026,80.10885343259874,7,"4998,4826,7850,5229,7316,6883,5132"
347,13.1020889,80.1551432,1,6461
348,13.13536577743676,80.29340110643346,6,"2042,4252,6693,644,1662,217"
349,13.0537289,80.1831473,1,3666
350,13.090884713849457,79.65873336282782,6,"5476,6767,6861,2990,1152,2775"
351,12.935015903419165,80.13141349789748,2,"5256,5020"
352,13.319447566631249,80.18267124886226,5,"3509,134,191,5753,2746"
353,12.916392535708994,80.07404793379457,5,"6439,3497,1477,7514,823"
354,13.061149960009317,80.16348191823286,4,"7363,5564,3252,5195"
355,12.966011,80.188698,1,3507
356,12.978795602128962,80.20248595335264,2,"5097,3395"
357,13.03348506389715,79.85336319621308,5,"2824,4544,1509,6260,7286"
358,13.1211208,80.2001222,2,"1956,4269"
359,13.040094220260624,80.05584733813637,2,"7483,4747"
360,12.895169773725682,80.1689031756657,1,7325
361,13.113788789864264,80.10100836454217,7,"4523,5197,6669,4572,7187,7838,5250"
362,13.205540780181758,79.75639078121962,1,2115
363,12.8447677,80.0616833,2,"6518,7556"
364,13.038321037568787,80.21392709054656,5,"6113,871,3034,6718,4091"
365,13.145794245053196,80.05826140955051,2,"353,354"
366,13.17576845,80.2986688,2,"7055,1875"
367,12.996245722258667,80.21653290025844,1,7276
368,13.061178406586262,80.16362541719465,1,1188
369,12.995431,80.1925425,1,7937
370,12.9839081,80.19771136666667,3,"6435,1030,328"
371,12.691022412428941,79.98061639893736,6,"2811,128,6246,7063,4209,2929"
372,13.1143302,80.24239965000001,2,"5085,1817"
373,13.184354320152545,80.3139799291961,3,"2177,8078,7555"
374,13.0675051,80.03560279999999,1,7414
375,13.122793737832456,79.91171832701204,4,"8041,588,4131,811"
376,13.0243823,80.1772356,1,1917
377,13.066017702431992,79.67364739271716,1,7217
378,12.91907445377555,80.24999707313783,1,5427
379,13.175459698516773,79.61218777080079,4,"4806,2786,5764,4000"
380,12.7467139,79.675294,1,6921
381,12.920150299999998,80.076847,3,"2792,1364,556"
382,13.032939392762964,80.20092880721094,5,"4759,3429,2578,3318,3274"
383,13.097240981203903,80.19337685085334,2,"1531,449"
384,12.961153616290353,80.13916918070443,3,"6873,764,3564"
385,13.15008040406845,80.10375120297289,1,2514
386,13.09408565981009,80.20347258686326,3,"5963,4909,5242"
387,12.9087666,80.1842016,1,3947
388,12.852015458084855,79.70715018434048,3,"2844,710,2956"
389,13.08186729462509,80.27777461889195,1,3219
390,13.130039,80.250143,1,2854
391,13.039958698378427,80.05614851203515,1,7589
392,13.044405132638431,80.26861300979027,1,2148
393,13.0606746,80.26859259999999,1,5505
394,13.081136367336311,79.9083198095835,4,"7200,2310,3608,1734"
395,13.1297438,80.24036009999999,2,"3348,1125"
396,12.816089077409138,79.69027776564391,4,"6812,2867,1140,1737"
397,12.90662440874518,80.06742885881357,2,"5272,7345"
398,13.010194711929708,80.14949999378163,1,6075
399,13.10831142721225,80.18601047056673,2,"3457,582"
400,12.779045073411028,80.21214590235003,1,6514
401,12.8825281,80.1705126,1,3846
402,13.121309457380192,80.0641719332443,4,"1052,1607,7259,7680"
403,13.119575099093248,80.07499346535066,3,"3131,302,8001"
404,13.13678995,80.23241525,2,"4582,7673"
405,13.0620719,80.1923735,1,4125
406,12.910122,80.1081909,1,2808
407,12.912487372416551,80.0908719825414,1,2282
408,13.099282633333333,80.28630946666665,3,"6701,6015,7442"
409,13.1649544,80.2943304,1,1781
410,12.99434966481026,80.2152053520372,2,"1974,6134"
411,12.9101850685767,80.14271797750301,10,"7331,7592,133,4001,6153,5224,955,1440,7543,244"
412,13.070471000000001,80.22548309999999,2,"2187,2193"
413,12.917242813765789,80.15812652122193,2,"2278,3742"
414,13.017983708285284,80.22536084145193,4,"2669,3019,7248,4347"
415,13.121218584883994,80.13396675261298,4,"565,2579,3705,167"
416,13.103653699999999,80.26082939999999,2,"1085,3091"
417,13.029084134541009,79.80171843606745,2,"7119,5115"
418,12.93775123324496,80.17567676143645,2,"2634,5739"
419,13.0240869,80.0217803,1,7931
420,13.065347531123807,80.20943043418491,6,"271,6154,1887,4127,7277,534"
421,13.189659979420199,80.30838362298766,4,"4568,6725,2287,1658"
422,13.062476447390035,80.16584266325893,6,"593,604,4213,6267,6270,3548"
423,12.9587561,80.14671799999999,1,2690
424,13.185405659431224,80.30292012237466,1,2009
425,13.054292062625235,80.19827870439097,15,"3290,6845,6296,1022,1558,2388,1950,7952,232,94,7580,5884,5581,3886,7880"
426,12.891134142552904,80.14083254839403,4,"5955,7170,1025,921"
427,13.084021107955536,80.20006913494336,3,"6493,1128,381"
428,12.954109881144367,79.94150364614502,6,"7375,6122,1327,5900,5878,5920"
429,12.934709501178977,80.20790207278213,3,"5880,2834,3641"
430,13.093458190270589,80.07523367993164,1,5400
431,13.0355761,80.2356938,2,"1903,4085"
432,13.053901116593927,80.22794878858997,1,6460
433,13.055208731238897,80.09676384883791,3,"2886,3448,7724"
434,13.068017131564622,80.12785013530721,1,3375
435,13.0311403,80.239795,1,3165
436,12.950632290442183,80.1502441611984,2,"3842,6684"
437,12.921296142063113,79.56360056460753,2,"5905,1854"
438,13.048953140472896,80.20718014025043,1,4203
439,13.092322383556557,80.11354498023212,1,113
440,13.0129422,80.1290854,1,1838
441,13.046626445154278,80.21913729894159,2,"5618,5547"
442,13.13150087014344,80.18256106489281,1,5181
443,13.147596,80.24667889999999,1,4563
444,13.0175653,80.2054638,1,4074
445,12.941345996873252,80.20690099719049,3,"3155,292,6974"
446,13.110334922105565,80.25572640844763,3,"1119,2741,7911"
447,13.13021106693362,80.21322865260234,6,"4311,3112,734,2028,2828,2768"
448,12.883306135613926,80.1403854343311,1,6383
449,13.007358041836396,80.20166854865303,1,6316
450,12.953053728598894,80.12997758409388,3,"4562,5018,1101"
451,13.04445193163372,80.15309678805443,2,"4655,6780"
452,12.9118082,80.2022837,1,1250
453,12.988688364427027,80.11492975974303,4,"4767,5606,5027,2414"
454,12.925755862420194,80.10576148318381,4,"2265,4579,7347,5592"
455,12.927271577656773,79.87869778769853,3,"1514,4212,7081"
456,13.0615449,80.1646353,1,4290
457,13.159936,80.0702555,1,6645
458,13.063124,80.0640653,1,237
459,13.0593921,80.13502969999999,2,"2024,7691"
460,13.073296051376063,80.22097980627393,3,"1018,6712,3207"
461,13.076180103711737,80.23831826048296,2,"3989,4460"
462,12.959504056397954,80.16029730779363,2,"2140,4804"
463,13.258437657687589,80.27494637744711,5,"6937,6965,1543,4454,472"
464,12.811007115230554,79.71250759697159,2,"3680,1086"
465,12.975464474097251,80.22454622563856,2,"3220,321"
466,12.923453246430087,79.56807968767586,1,4656
467,13.020641505845436,80.21326548173687,1,931
468,13.044480923429251,80.18003440626701,1,5567
469,12.98893885,80.194289,2,"4014,3432"
470,13.0346963,80.23995215,2,"4359,5935"
471,13.022548210386269,80.17030883640216,1,6326
472,13.059840270243456,80.15342149594974,1,721
473,12.9438542,80.1539034,1,436
474,12.974185001650584,79.94473135189124,1,6275
475,13.126797029193565,80.08192708504842,1,6984
476,12.948029,80.0360224,1,2649
477,13.090223803345253,80.18292800249979,3,"1158,6151,6325"
478,12.75634479244458,80.01436583570685,1,4577
479,13.103411680853505,80.09285994864797,1,3541
480,12.890793618519687,80.08173615455637,3,"1520,2047,7941"
481,12.680347073723132,79.6636854855356,1,2639
482,12.8383256,79.6868686,1,7418
483,12.905315679275024,80.14400707097735,2,"7625,907"
484,13.035131224091286,80.20631441964339,1,5307
485,12.97842108305082,79.59653334730287,1,6764
486,13.04808873256296,80.12781976516301,1,3518
487,12.85163392241668,79.94268852014771,1,5776
488,13.0985872,80.2339812,2,"4601,5036"
489,12.96428162941372,80.0450815849881,1,1042
490,12.9796283,80.2110927,1,3995
491,13.2030762,80.15402259999999,1,2815
492,12.992860550497985,80.20937139703419,5,"6045,6825,8076,469,5904"
493,13.047461609342005,80.16580731210904,1,3300
494,13.3451646,80.2878794,2,"7824,1703"
495,12.896662483753124,79.49790225911475,1,6027
496,13.136972485764295,80.21579101321542,2,"6037,1962"
497,12.8974288,79.5313641,1,1871
498,12.866508653572081,80.0748931488859,2,"5290,6540"
499,13.08709226900785,80.25719422155,2,"4206,4929"
500,12.9503844,80.13645500000001,1,1630
501,13.133910997975887,79.92749646546132,4,"3735,5407,415,5788"
502,13.118755681236138,80.12489201088097,1,601
503,13.018991804376196,80.24161164355553,5,"3717,742,946,6232,999"
504,13.045706988708371,80.27440990767212,2,"5720,624"
505,13.176393,80.132842,1,691
506,13.061291580308223,80.16338339858714,1,5780
507,13.0658848,80.25326989999999,1,5998
508,13.0739472,80.25524829999999,1,6557
509,13.11790095,80.14402185,2,"5736,7629"
510,13.0359571,80.21945900000001,2,"2913,2086"
511,13.04601115,80.19896639999999,2,"3308,1548"
512,13.131500852338272,79.96102963750702,3,"5731,7583,683"
513,13.124902,79.997101,1,4844
514,13.03047716209582,80.23899344858874,1,2759
515,13.04523854622303,80.11666208207235,3,"569,6856,2438"
516,12.886822696537838,80.0217984177464,5,"122,7462,2000,3340,3336"
517,12.929914258423592,80.11231207650678,2,"2559,5053"
518,13.1122677,80.2087265,1,4399
519,13.103266847264086,79.90776888629564,3,"1003,2770,4630"
520,12.941961779017154,80.13280860618566,1,2288
521,13.0261702,80.111773375,4,"3701,686,4299,7835"
522,13.025218447001468,80.18367526898362,2,"363,5658"
523,12.91824,80.1102744,1,6574
524,13.106720944394958,79.95873310936179,2,"5156,5355"
525,12.877824,80.019456,1,4334
526,12.922456958027675,80.13525198437057,1,2796
527,13.0992251,79.433736,1,1304
528,12.948654916759658,80.19924962694527,2,"4197,6843"
529,13.152847,80.2509125,1,3118
530,13.083025748627673,80.23651836987534,2,"1205,6604"
531,13.276373414576664,80.26125616331383,4,"3714,7825,5206,7570"
532,12.9006471,80.1616402,1,5122
533,12.86489478934918,80.06509512304132,3,"3046,5585,2909"
534,12.9830615,80.25947409999999,1,7866
535,13.04457025,80.18997264999999,2,"4757,1105"
536,12.9687147709962,80.1894819071643,3,"492,2606,5702"
537,12.997368228506108,80.26650604602841,4,"3978,5043,3528,8034"
538,13.196382669781794,80.27759814544487,2,"7876,3636"
539,13.141139,80.2238442,1,3139
540,13.112068808143354,80.02563885924422,1,2602
541,13.1396725,80.2529169,1,6112
542,12.8324525,80.0673437,1,6655
543,13.160376759586043,80.0939121623473,1,5652
544,12.8375803,80.081781,1,3831
545,12.81202190300912,80.22415661447752,1,6018
546,13.047233219969634,80.21880569203189,9,"4672,5054,5918,769,3900,399,1532,2515,8059"
547,13.071869432070503,80.20306627442963,1,3462
548,13.1053439,80.0313891,1,4591
549,13.04409842669338,80.21062184161237,1,2969
550,13.06371133770167,80.21189724180765,2,"766,4770"
551,13.00608878130909,80.11049665132494,1,4956
552,13.03771722011831,80.26427496176548,1,5579
553,12.96394847366561,80.25644558217046,2,"6058,2225"
554,12.681810008638715,79.98915835195932,3,"4034,2180,5283"
555,12.95591460144305,80.14327199053696,2,"5840,1330"
556,12.79935959912783,79.82009359406536,1,3727
557,13.096625423972228,79.51570189183894,1,5412
558,13.1115847,79.4310052,1,5397
559,13.110993,79.4202974,3,"3860,5262,4849"
560,13.116195223718563,80.06444711402168,2,"3719,8100"
561,13.265545701342184,80.26657819932656,1,7826
562,13.1051726,80.2046582,1,2737
563,12.951200953170845,80.25486511580222,3,"5144,369,7221"
564,12.992866963025032,80.21816821223612,2,"2735,3022"
565,13.117925183075208,80.26145030583497,1,4280
566,12.8239579,80.0757487,1,763
567,13.179169464256336,80.10314677275842,1,5992
568,13.0551033,80.0842224,2,"1326,6589"
569,12.923390166075034,80.14396993094977,2,"6573,1761"
570,13.064690330377951,80.27831490658386,1,3553
571,13.108248886761958,80.2482676074303,3,"2664,7173,5794"
572,13.19568086033645,80.17627420598754,1,5698
573,13.024028577993317,80.22933092064227,5,"5766,5765,2595,7314,2947"
574,12.8621186,80.073253,1,1261
575,13.1750723,80.0199562,1,3330
576,13.1615582,80.1129052,1,2850
577,13.004506371648656,80.2573104792296,2,"1870,1122"
578,12.942707934787528,80.13356495354277,1,5923
579,12.844473836429303,80.06001764302283,2,"2573,8008"
580,13.172717422277634,80.09172516148872,2,"2505,5409"
581,12.889472841088562,79.79337227166893,1,4990
582,13.17099841137972,80.19918805559739,1,7637
583,13.041424692888224,80.11461229734103,2,"7328,6633"
584,13.193433335222533,80.15379728579946,2,"5359,2173"
585,12.79298433130085,79.81860114579483,3,"1407,5041,5035"
586,13.1074086,80.24424220000002,1,227
587,12.97930369942102,80.13391740202141,1,2347
588,13.053578414776975,80.26745616418722,4,"1358,6608,367,971"
589,13.168457573964604,79.8913540378496,1,2645
590,12.8996987,79.67266320000002,1,4310
591,12.958233140548508,80.12604371766989,6,"3191,7080,3734,1039,5634,1432"
592,13.0331392,80.1202474,1,3163
593,12.71517444841129,79.76053400940027,1,7919
594,13.16359925347792,80.2024279118711,1,6149
595,12.9675201,79.95284509999999,2,"5220,5292"
596,12.955813671668665,79.9426551163786,1,5317
597,12.931909574574991,80.14353965593232,1,5911
598,12.7436006,79.99258189999999,2,"1893,4308"
599,13.125932239357114,80.03115807564345,1,7377
600,12.8001749,80.22307405,2,"4935,7469"
601,12.859599824667049,80.04596416537143,1,807
602,13.180828517757382,80.02937107084223,1,7681
603,13.075947014472813,80.17605502828462,2,"793,4627"
604,12.95351891535294,80.21182258441117,1,1914
605,12.8388855,80.0554292,1,7896
606,12.8154123,79.71306999999999,2,"4338,7624"
607,13.215113385966424,79.98911007521502,1,5247
608,13.035817448163094,80.05010162484126,2,"1449,5797"
609,12.8642318,80.166051,1,4373
610,13.211509608663542,79.76069149259065,1,3546
611,13.1596581,80.2583288,1,4465
612,13.102438132536433,79.90568612548577,2,"1550,6615"
613,13.0165028,79.7337514,1,5833
614,12.701645236628869,79.6645978581696,1,3066
615,13.1181068,80.033613,1,3352
616,13.125101115657719,79.92725094474153,2,"5067,4964"
617,13.03814124900058,80.22862140093012,1,2995
618,13.109084398549866,80.15875858033469,1,1594
619,13.127080658099231,80.10054731278379,1,4818
620,12.799549532589571,79.77259050275127,1,4965
621,13.092546980153303,79.65972474087322,3,"2890,3679,4717"
622,13.246998185709025,80.15900977034113,4,"3166,2420,2529,77"
623,13.101557708313406,80.23802825431896,1,6789
624,13.107005925013063,80.13039185382115,3,"4422,4950,6331"
625,12.873576538021577,79.74273247161108,2,"6920,4637"
626,13.06795667389374,80.14063129466322,2,"4466,5051"
627,13.11540648398657,80.2342667090732,1,7590
628,13.0121537,80.0960924,1,3625
629,13.030711379973935,80.23935501847366,1,3177
630,13.1206894,80.1636884,1,3090
631,12.916897285547993,79.86061250464296,1,3769
632,12.83880422858708,79.70115953209492,1,876
633,12.922017682829033,80.1932490042332,2,"7494,2940"
634,13.1615911,79.618344,1,6743
635,12.809456200716465,80.0276221012739,2,"4298,1504"
636,13.1307263,79.7624177,1,494
637,13.081349786721319,80.21798393762424,2,"2095,855"
638,12.985462368961532,80.15498141332725,1,1816
639,12.8378721,80.0668308,1,3537
640,12.855469572635121,80.03885283999973,3,"3530,7704,7884"
641,12.8574023,79.6799762,1,6586
642,12.6382649,79.6614376,1,4553
643,12.706292,79.6614376,1,475
644,13.04665475,80.0994625,1,7373
645,13.003656414730871,80.26084529651298,1,1690
646,12.846148639489792,80.1534604624132,1,529
647,12.820719323153185,79.6888621885138,2,"4304,6429"
648,13.037497890857418,80.11542536910724,1,3455
649,13.1521832,80.1307913,1,5411
650,13.0732558,80.19116799999999,1,6390
651,13.096420941339629,80.19885124404146,1,7284
652,13.137343561127476,80.2802677716876,1,1814
653,12.91791784875288,80.15410911429672,1,2837
654,13.046482200653712,80.24262839490486,1,7459
655,13.1689063,79.8632834,1,1174
656,13.08953141266803,80.05738225214354,1,7110
657,13.088680537983748,80.11694577453544,1,2069
658,13.090026190205002,79.90727103290544,2,"3873,7275"
659,12.96076075276307,80.13397978184528,1,4765
660,13.078065381052882,80.24661693806254,2,"6305,671"
661,12.615992253428649,79.75961350508118,2,"2846,3107"
662,12.955678881150911,79.94515049830797,1,3912
663,13.136866596079601,80.15970410569976,2,"7115,5623"
664,13.147203,80.1880296,1,339
665,12.4982208,80.082302,1,3902
666,13.003679265075188,79.67428754986574,1,7609
667,13.1258,80.010241,1,6479
668,13.19223135,80.18501760000001,2,"4800,71"
669,13.207273380760723,80.31565337800927,1,6235
670,13.40688261257331,80.12323305556916,1,3652
671,12.9432398,80.06819209999999,1,7329
672,13.087454002337362,79.90792374393891,2,"5286,6601"
673,12.91476787175918,80.19608858146009,1,7058
674,13.1587716,80.2446411,1,3434
675,12.8718292,80.0474893,1,2769
676,13.0402544,79.8171222,1,344
677,13.138696917615698,80.1360889811062,3,"336,2920,5024"
678,13.06900255,80.2656512,2,"4296,6584"
679,13.2883194,80.1486684,1,3534
680,13.108945250357374,80.17388963241035,1,4234
681,13.056545874304533,80.10463943106255,2,"97,2700"
682,13.03698428105933,80.1489661531576,1,4388
683,13.044010038115111,80.09255808188662,1,6529
684,12.739673499122285,79.98603015813836,1,5
685,13.3035934,80.1604657,1,7136
686,12.7982246,79.81388179999999,1,844
687,13.093678,80.19848999999999,2,"2357,6094"
688,13.054451,80.1024399,1,5690
689,13.09144157026456,79.91014418402855,1,4761
690,13.11187207195081,80.23820176507999,1,406
691,12.9732831,80.2065137,1,975
692,13.023024739555453,80.07940229438735,1,2901
693,13.06260961427316,80.20004192827312,1,1806
694,13.057184757706557,80.14702837617867,1,5783
695,12.7866088,80.2236651,1,1074
696,12.9085064,80.1003411,1,4680
697,12.9133113,80.22938119999999,1,7525
698,13.1238916110335,80.05278954924867,1,2892
699,13.15799952150079,80.30192871767338,1,4250
700,12.861344003985614,80.08013210149102,1,1880
701,12.860196,80.1465759,2,"1362,6627"
702,13.03597004582665,80.14704882569951,1,7066
703,12.9490313,80.2089704,1,1885
704,12.63039553384098,79.6465420526432,1,5103
705,13.030855251116906,80.2396284794145,1,5602
706,13.1108183,80.0049971,1,2513
707,12.9785775,80.2522848,1,2407
708,13.070289166148983,80.2156236229568,1,7089
709,12.737091252232968,80.18598456699746,1,670
710,13.0075176,80.1058016,1,1170
711,12.80771758807737,80.22626107214202,1,6820
712,13.232902817752263,80.12738940288604,1,4899
713,13.3273413,79.9281897,1,1904
714,13.1256354,80.2622967,1,3410
715,13.42440088144274,80.0935141751003,1,3645
716,13.102368195976211,80.10846751702552,1,7440
717,13.040969413586955,80.05840763630997,1,4810
718,12.9474776,80.1961988,1,2134
719,12.790199664173612,80.22145485713628,1,2273
720,13.029919277546815,79.82773731255807,1,4405
721,12.93425713924696,80.16433330067149,1,1705
722,13.068551778630177,80.24076637389227,1,5419
723,12.60890260400465,80.06730726198637,1,4438
724,12.858591514524935,80.17256257463188,1,4639
725,12.9266328,80.2023528,1,3372
726,13.191715154017247,80.18926772113898,1,5584
727,12.91777943304974,80.10802181405334,1,5817
728,12.83960294820558,80.05465733044434,1,457
729,13.1667962,80.2616025,1,488
730,12.903033997102998,80.09365182154006,1,460
731,13.13642969787218,80.25242718462523,1,4511
732,13.0224769,79.61652099999999,1,3488
733,12.8836389,80.1575098,1,1980
734,13.123614814265649,80.0525274578138,1,6887
735,13.0531863,80.22306499999999,1,7851
736,13.0245195,80.0219346,1,7558
737,13.094000835761378,80.00658827075283,1,7658
738,12.959337484253172,80.24448034420756,1,6862
739,13.157055618237742,80.1957074847593,2,"7336,6334"
740,13.0397354,80.2792984,1,5152
741,12.9688554,80.0902038,1,2802
742,12.799047,79.7837884,1,2048
743,12.9954229,80.2556779,1,822
744,12.919737505990922,80.16505254502428,1,3357
745,12.788989872746702,79.82581819635016,1,2582
746,13.174350246753292,79.59497256532325,1,3345
747,13.094109918655803,79.88157554523796,1,2375
748,13.11963543998178,80.27927188841497,1,454
749,12.9927174,80.19349419999999,1,7242
750,13.008516694682,80.13998862819261,1,4803
751,12.6998573,79.9687321,1,6512
752,13.033580884578877,80.2493945291361,1,3478
753,13.1042611,80.1037721,3,"4857,6755,7203"
754,13.02857513905196,80.23268206511437,1,3389
755,12.958104135300712,80.14400600992586,1,6943
756,12.9497395,80.0506045,1,4159
757,12.80189502085601,79.9997612037304,1,6905
758,13.0848241,80.1712824,1,3572
759,12.7930081,80.0252383,1,4219
760,13.0996917,79.84087869999999,1,5572
761,13.038920255803191,80.13940918202428,1,41
762,13.116181164193144,80.10312527530924,1,7627
763,13.041340825208689,80.10594277946842,1,6237
764,12.90446509486631,80.09470279186571,1,7753
765,13.049583970106347,80.10437450106068,1,1803
766,12.9425224,80.21473019999999,1,573
767,13.09526264489492,80.29272440620764,1,1257
768,13.279468916124957,80.26038825614937,1,4020
769,12.99586328698974,80.20831258408077,1,5404
770,13.10074625728154,80.20157374819642,1,6810
771,13.05562862362678,80.24236716928527,1,7664
772,13.096285,79.666349,1,4783
